--
-- PostgreSQL database dump
--

-- Dumped from database version 12.12 (Ubuntu 12.12-0ubuntu0.20.04.1)
-- Dumped by pg_dump version 12.12 (Ubuntu 12.12-0ubuntu0.20.04.1)

SET statement_timeout = 0;
SET lock_timeout = 0;
SET idle_in_transaction_session_timeout = 0;
SET client_encoding = 'UTF8';
SET standard_conforming_strings = on;
SELECT pg_catalog.set_config('search_path', '', false);
SET check_function_bodies = false;
SET xmloption = content;
SET client_min_messages = warning;
SET row_security = off;

SET default_tablespace = '';

SET default_table_access_method = heap;

--
-- Name: CountryConfig; Type: TABLE; Schema: public; Owner: postgres
--

CREATE TABLE public."CountryConfig" (
    id bigint NOT NULL,
    country character varying(50),
    "CodeCountry" character varying(10),
    "Currency" character varying(50),
    "Levels" integer,
    "Logo" character varying(200),
    "SecondLogo" character varying(200),
    "PopTarget" character varying(20),
    poprate numeric(10,2),
    havehr boolean,
    mainlocation character varying(100),
    "Logo2" character varying(100),
    "usingTool" boolean,
    "usingMaintenance" boolean,
    created_at timestamp with time zone NOT NULL,
    updated_at timestamp with time zone NOT NULL
);


ALTER TABLE public."CountryConfig" OWNER TO postgres;

--
-- Name: CountryConfig_id_seq; Type: SEQUENCE; Schema: public; Owner: postgres
--

ALTER TABLE public."CountryConfig" ALTER COLUMN id ADD GENERATED BY DEFAULT AS IDENTITY (
    SEQUENCE NAME public."CountryConfig_id_seq"
    START WITH 1
    INCREMENT BY 1
    NO MINVALUE
    NO MAXVALUE
    CACHE 1
);


--
-- Name: Facility; Type: TABLE; Schema: public; Owner: postgres
--

CREATE TABLE public."Facility" (
    id integer NOT NULL,
    name character varying(100),
    code character varying(50),
    type character varying(100),
    "populationNumber" integer,
    "childrenNumber" integer,
    "loverLevelFac" integer,
    created_at timestamp with time zone NOT NULL,
    updated_at timestamp with time zone NOT NULL,
    province character varying(50),
    zone character varying(100),
    district character varying(50),
    city character varying(50),
    address character varying(200),
    "postalCode" character varying(12),
    national_code character varying(20),
    email character varying(100),
    "gpsCordinate" character varying(50),
    phone character varying(50),
    land_phone boolean NOT NULL,
    "haveInternet" boolean,
    year integer,
    is_functioning boolean NOT NULL,
    climate character varying(50),
    ownership character varying(50),
    "roadType" character varying(50),
    "distanceFromParent" double precision,
    "timeToParent" character varying(50),
    "daysOpen" integer,
    "workingFrom" character varying(50),
    "workingTo" character varying(50),
    recieve_mode character varying(50),
    transport_mode character varying(50),
    "HaveImmService" boolean,
    "TypeImmService" integer,
    "NumImmperWeek" integer,
    "HaveCovid19Service" boolean,
    "CoverageX1" integer,
    "CoverageX2" integer,
    "CoverageX3" integer,
    "CoverageX4" integer,
    "IndividualsX1" integer,
    "IndividualsX2" integer,
    "IndividualsX3" integer,
    "IndividualsX4" integer,
    "NumberIcepack" integer,
    "OtherService" boolean,
    other_services character varying(50),
    "IsSuitable" boolean,
    "IsSuitableReason" character varying(50),
    "HaveGen" boolean,
    "PowerSource" character varying(50),
    "Maintance" character varying(50),
    "VacNum" integer,
    "TotalStaff" integer,
    "ProfStaff" integer,
    "Nurses" integer,
    "Drivers" integer,
    "OtherStaff" integer,
    other1 numeric(10,2),
    other2 numeric(10,2),
    other3 boolean,
    other4 boolean,
    other5 character varying(100),
    other6 character varying(100),
    remark character varying(500),
    "completerStaffSign" character varying(50),
    "isDeleted" boolean NOT NULL,
    delete_reason character varying(50),
    other_code character varying(50),
    "completerStaff" bigint,
    country_id bigint,
    level_id bigint,
    parentid_id integer
);


ALTER TABLE public."Facility" OWNER TO postgres;

--
-- Name: Facility_id_seq; Type: SEQUENCE; Schema: public; Owner: postgres
--

ALTER TABLE public."Facility" ALTER COLUMN id ADD GENERATED BY DEFAULT AS IDENTITY (
    SEQUENCE NAME public."Facility_id_seq"
    START WITH 1
    INCREMENT BY 1
    NO MINVALUE
    NO MAXVALUE
    CACHE 1
);


--
-- Name: HR_hr; Type: TABLE; Schema: public; Owner: postgres
--

CREATE TABLE public."HR_hr" (
    id integer NOT NULL,
    full_name character varying(100),
    position_level character varying(100),
    genders character varying(10),
    educatioin_level character varying(100),
    years_in_service integer,
    created_at timestamp with time zone NOT NULL,
    updated_at timestamp with time zone NOT NULL,
    year_in_position integer,
    facility_id integer
);


ALTER TABLE public."HR_hr" OWNER TO postgres;

--
-- Name: HR_hr_id_seq; Type: SEQUENCE; Schema: public; Owner: postgres
--

ALTER TABLE public."HR_hr" ALTER COLUMN id ADD GENERATED BY DEFAULT AS IDENTITY (
    SEQUENCE NAME public."HR_hr_id_seq"
    START WITH 1
    INCREMENT BY 1
    NO MINVALUE
    NO MAXVALUE
    CACHE 1
);


--
-- Name: LevelConfig; Type: TABLE; Schema: public; Owner: postgres
--

CREATE TABLE public."LevelConfig" (
    id bigint NOT NULL,
    maxpop integer,
    minpop integer,
    uppervol numeric(10,2),
    undervol numeric(10,2),
    m25vol numeric(10,2),
    m70vol numeric(10,2),
    m25volnew numeric(10,2),
    m70volnew numeric(10,2),
    uppervolnew numeric(10,2),
    undervolnew numeric(10,2),
    name character varying(50),
    dryvol numeric(10,2),
    dryvolnew numeric(10,2),
    created_at timestamp with time zone NOT NULL,
    updated_at timestamp with time zone NOT NULL,
    country_id bigint,
    parent_id bigint
);


ALTER TABLE public."LevelConfig" OWNER TO postgres;

--
-- Name: LevelConfig_id_seq; Type: SEQUENCE; Schema: public; Owner: postgres
--

ALTER TABLE public."LevelConfig" ALTER COLUMN id ADD GENERATED BY DEFAULT AS IDENTITY (
    SEQUENCE NAME public."LevelConfig_id_seq"
    START WITH 1
    INCREMENT BY 1
    NO MINVALUE
    NO MAXVALUE
    CACHE 1
);


--
-- Name: PQS_pqs3; Type: TABLE; Schema: public; Owner: postgres
--

CREATE TABLE public."PQS_pqs3" (
    id integer NOT NULL,
    "Description" character varying(100),
    "Make" character varying(100),
    "Model" character varying(100),
    "PQScode" character varying(50),
    "Refrigerant" character varying(50),
    "RefrigeratorCapacity" double precision,
    "FreezerCapacity" double precision,
    kg_24_hrs double precision,
    "H" double precision,
    "W" double precision,
    "L" double precision
);


ALTER TABLE public."PQS_pqs3" OWNER TO postgres;

--
-- Name: PQS_pqs3_id_seq; Type: SEQUENCE; Schema: public; Owner: postgres
--

ALTER TABLE public."PQS_pqs3" ALTER COLUMN id ADD GENERATED BY DEFAULT AS IDENTITY (
    SEQUENCE NAME public."PQS_pqs3_id_seq"
    START WITH 1
    INCREMENT BY 1
    NO MINVALUE
    NO MAXVALUE
    CACHE 1
);


--
-- Name: PQS_pqs4; Type: TABLE; Schema: public; Owner: postgres
--

CREATE TABLE public."PQS_pqs4" (
    id integer NOT NULL,
    "PQSNumber" character varying(100) NOT NULL,
    "Type" character varying(100),
    "Manufacturer" character varying(100),
    "Model" character varying(100),
    "VaccineNetStorageCapacity" double precision,
    "CoolantPackNominalCapacity" double precision,
    "NumberCoolantPacks" integer,
    "ExternalVolume" double precision
);


ALTER TABLE public."PQS_pqs4" OWNER TO postgres;

--
-- Name: PQS_pqs4_id_seq; Type: SEQUENCE; Schema: public; Owner: postgres
--

ALTER TABLE public."PQS_pqs4" ALTER COLUMN id ADD GENERATED BY DEFAULT AS IDENTITY (
    SEQUENCE NAME public."PQS_pqs4_id_seq"
    START WITH 1
    INCREMENT BY 1
    NO MINVALUE
    NO MAXVALUE
    CACHE 1
);


--
-- Name: User; Type: TABLE; Schema: public; Owner: postgres
--

CREATE TABLE public."User" (
    id bigint NOT NULL,
    password character varying(128) NOT NULL,
    last_login timestamp with time zone,
    is_superuser boolean NOT NULL,
    username character varying(150) NOT NULL,
    first_name character varying(150) NOT NULL,
    last_name character varying(150) NOT NULL,
    email character varying(254) NOT NULL,
    is_staff boolean NOT NULL,
    is_active boolean NOT NULL,
    date_joined timestamp with time zone NOT NULL,
    name character varying(200),
    created_at timestamp with time zone NOT NULL,
    updated_at timestamp with time zone NOT NULL,
    idnumber integer,
    "position" character varying(150),
    phone character varying(150),
    facadmin boolean,
    itemadmin boolean,
    reportadmin boolean,
    useradmin boolean,
    owner character varying(50),
    facilityid_id integer
);


ALTER TABLE public."User" OWNER TO postgres;

--
-- Name: User_groups; Type: TABLE; Schema: public; Owner: postgres
--

CREATE TABLE public."User_groups" (
    id bigint NOT NULL,
    user_id bigint NOT NULL,
    group_id integer NOT NULL
);


ALTER TABLE public."User_groups" OWNER TO postgres;

--
-- Name: User_groups_id_seq; Type: SEQUENCE; Schema: public; Owner: postgres
--

ALTER TABLE public."User_groups" ALTER COLUMN id ADD GENERATED BY DEFAULT AS IDENTITY (
    SEQUENCE NAME public."User_groups_id_seq"
    START WITH 1
    INCREMENT BY 1
    NO MINVALUE
    NO MAXVALUE
    CACHE 1
);


--
-- Name: User_id_seq; Type: SEQUENCE; Schema: public; Owner: postgres
--

ALTER TABLE public."User" ALTER COLUMN id ADD GENERATED BY DEFAULT AS IDENTITY (
    SEQUENCE NAME public."User_id_seq"
    START WITH 1
    INCREMENT BY 1
    NO MINVALUE
    NO MAXVALUE
    CACHE 1
);


--
-- Name: User_user_permissions; Type: TABLE; Schema: public; Owner: postgres
--

CREATE TABLE public."User_user_permissions" (
    id bigint NOT NULL,
    user_id bigint NOT NULL,
    permission_id integer NOT NULL
);


ALTER TABLE public."User_user_permissions" OWNER TO postgres;

--
-- Name: User_user_permissions_id_seq; Type: SEQUENCE; Schema: public; Owner: postgres
--

ALTER TABLE public."User_user_permissions" ALTER COLUMN id ADD GENERATED BY DEFAULT AS IDENTITY (
    SEQUENCE NAME public."User_user_permissions_id_seq"
    START WITH 1
    INCREMENT BY 1
    NO MINVALUE
    NO MAXVALUE
    CACHE 1
);


--
-- Name: auth_group; Type: TABLE; Schema: public; Owner: postgres
--

CREATE TABLE public.auth_group (
    id integer NOT NULL,
    name character varying(150) NOT NULL
);


ALTER TABLE public.auth_group OWNER TO postgres;

--
-- Name: auth_group_id_seq; Type: SEQUENCE; Schema: public; Owner: postgres
--

ALTER TABLE public.auth_group ALTER COLUMN id ADD GENERATED BY DEFAULT AS IDENTITY (
    SEQUENCE NAME public.auth_group_id_seq
    START WITH 1
    INCREMENT BY 1
    NO MINVALUE
    NO MAXVALUE
    CACHE 1
);


--
-- Name: auth_group_permissions; Type: TABLE; Schema: public; Owner: postgres
--

CREATE TABLE public.auth_group_permissions (
    id bigint NOT NULL,
    group_id integer NOT NULL,
    permission_id integer NOT NULL
);


ALTER TABLE public.auth_group_permissions OWNER TO postgres;

--
-- Name: auth_group_permissions_id_seq; Type: SEQUENCE; Schema: public; Owner: postgres
--

ALTER TABLE public.auth_group_permissions ALTER COLUMN id ADD GENERATED BY DEFAULT AS IDENTITY (
    SEQUENCE NAME public.auth_group_permissions_id_seq
    START WITH 1
    INCREMENT BY 1
    NO MINVALUE
    NO MAXVALUE
    CACHE 1
);


--
-- Name: auth_permission; Type: TABLE; Schema: public; Owner: postgres
--

CREATE TABLE public.auth_permission (
    id integer NOT NULL,
    name character varying(255) NOT NULL,
    content_type_id integer NOT NULL,
    codename character varying(100) NOT NULL
);


ALTER TABLE public.auth_permission OWNER TO postgres;

--
-- Name: auth_permission_id_seq; Type: SEQUENCE; Schema: public; Owner: postgres
--

ALTER TABLE public.auth_permission ALTER COLUMN id ADD GENERATED BY DEFAULT AS IDENTITY (
    SEQUENCE NAME public.auth_permission_id_seq
    START WITH 1
    INCREMENT BY 1
    NO MINVALUE
    NO MAXVALUE
    CACHE 1
);


--
-- Name: django_admin_log; Type: TABLE; Schema: public; Owner: postgres
--

CREATE TABLE public.django_admin_log (
    id integer NOT NULL,
    action_time timestamp with time zone NOT NULL,
    object_id text,
    object_repr character varying(200) NOT NULL,
    action_flag smallint NOT NULL,
    change_message text NOT NULL,
    content_type_id integer,
    user_id bigint NOT NULL,
    CONSTRAINT django_admin_log_action_flag_check CHECK ((action_flag >= 0))
);


ALTER TABLE public.django_admin_log OWNER TO postgres;

--
-- Name: django_admin_log_id_seq; Type: SEQUENCE; Schema: public; Owner: postgres
--

ALTER TABLE public.django_admin_log ALTER COLUMN id ADD GENERATED BY DEFAULT AS IDENTITY (
    SEQUENCE NAME public.django_admin_log_id_seq
    START WITH 1
    INCREMENT BY 1
    NO MINVALUE
    NO MAXVALUE
    CACHE 1
);


--
-- Name: django_content_type; Type: TABLE; Schema: public; Owner: postgres
--

CREATE TABLE public.django_content_type (
    id integer NOT NULL,
    app_label character varying(100) NOT NULL,
    model character varying(100) NOT NULL
);


ALTER TABLE public.django_content_type OWNER TO postgres;

--
-- Name: django_content_type_id_seq; Type: SEQUENCE; Schema: public; Owner: postgres
--

ALTER TABLE public.django_content_type ALTER COLUMN id ADD GENERATED BY DEFAULT AS IDENTITY (
    SEQUENCE NAME public.django_content_type_id_seq
    START WITH 1
    INCREMENT BY 1
    NO MINVALUE
    NO MAXVALUE
    CACHE 1
);


--
-- Name: django_migrations; Type: TABLE; Schema: public; Owner: postgres
--

CREATE TABLE public.django_migrations (
    id bigint NOT NULL,
    app character varying(255) NOT NULL,
    name character varying(255) NOT NULL,
    applied timestamp with time zone NOT NULL
);


ALTER TABLE public.django_migrations OWNER TO postgres;

--
-- Name: django_migrations_id_seq; Type: SEQUENCE; Schema: public; Owner: postgres
--

ALTER TABLE public.django_migrations ALTER COLUMN id ADD GENERATED BY DEFAULT AS IDENTITY (
    SEQUENCE NAME public.django_migrations_id_seq
    START WITH 1
    INCREMENT BY 1
    NO MINVALUE
    NO MAXVALUE
    CACHE 1
);


--
-- Name: django_session; Type: TABLE; Schema: public; Owner: postgres
--

CREATE TABLE public.django_session (
    session_key character varying(40) NOT NULL,
    session_data text NOT NULL,
    expire_date timestamp with time zone NOT NULL
);


ALTER TABLE public.django_session OWNER TO postgres;

--
-- Name: help_help; Type: TABLE; Schema: public; Owner: postgres
--

CREATE TABLE public.help_help (
    id bigint NOT NULL,
    page character varying(20),
    lang character varying(20),
    abr character varying(100)
);


ALTER TABLE public.help_help OWNER TO postgres;

--
-- Name: help_help_id_seq; Type: SEQUENCE; Schema: public; Owner: postgres
--

ALTER TABLE public.help_help ALTER COLUMN id ADD GENERATED BY DEFAULT AS IDENTITY (
    SEQUENCE NAME public.help_help_id_seq
    START WITH 1
    INCREMENT BY 1
    NO MINVALUE
    NO MAXVALUE
    CACHE 1
);


--
-- Name: item_item; Type: TABLE; Schema: public; Owner: postgres
--

CREATE TABLE public.item_item (
    id bigint NOT NULL,
    code character varying(20),
    "TypeP" character varying(50),
    "Manufacturer" character varying(50),
    "Model" character varying(50),
    "Type1" character varying(50),
    "Type2" character varying(50),
    "Type3" character varying(50),
    "Type4" character varying(50),
    "Type5" character varying(50),
    "Type1P" character varying(50),
    "Height" double precision,
    "Width" double precision,
    "Length" double precision,
    "GrossVolume" double precision,
    "NetShippingVolume" double precision,
    "Weightkg" double precision,
    "ExternalSize" character varying(50),
    "NumberOfDoors" integer,
    "IsThereInsideDoor" boolean,
    "DoesItHaveAnAlarmSystem" boolean,
    "DoesItHaveAdequateShelves" boolean,
    "DoesItHaveCurtain" boolean,
    "PhysicalConditions" character varying(50),
    "TechnicalConditions" character varying(50),
    "WorkingConditions" character varying(50),
    "IsItFunctioning" boolean,
    "NotInUseSince" integer,
    "ReasonsForNotFunctioning" character varying(50),
    "YearInstalled" character varying(50),
    "RunningTime" integer,
    "RunningTimeKm" integer,
    "StorageCondition" character varying(50),
    "NetVaccineStorageCapacity" double precision,
    "EnergySource" character varying(50),
    "FreezerNetCapacity" double precision,
    "IceMakingCapacity" double precision,
    "CoolWaterProductionCapacity" integer,
    "NumberOfCoolingUnits" integer,
    "WorkingTemperatureRange" character varying(50),
    "RefrigerantGas" character varying(50),
    "IsTheRefrigerantGasCFCFree" boolean,
    "DoesItHaveFreezingCompartment" boolean,
    "DoesItHaveContinuousTemperatureMonitoringDevice" boolean,
    "DoesItHaveBuiltInThermometer" boolean,
    "NumberOfCoolantPacksRequired" integer,
    "CoolantPackNominalCapacity" integer,
    "Voltage" integer,
    "Phase" integer,
    "NetGeneratedPower" integer,
    "EnergySource_generator" character varying(50),
    "DoesItHaveAnExtraFuelTank" boolean,
    "PowerOrFuelConsumption" integer,
    "IsThereAnAutomaticStartUpSystem" boolean,
    "FinancialSource" integer,
    "UnitCostWhenInstalled" integer,
    "UnitCostAtPresent" integer,
    "OriginalCost" integer,
    "wVSSMCode" character varying(50),
    "UNICEFCatalogueCodes" character varying(50),
    "OtherCode" character varying(50),
    "PQSPISCode" character varying(50),
    "PQSPISType" character varying(50),
    "PQSPISManufacturer" character varying(50),
    "PQSPISRefrigerantGas" character varying(50),
    "PQSPISTemperatureWorkingZone" character varying(50),
    "DoesTheDryStoreHaveAdequateLighting" boolean,
    "DoesTheDryStoreHaveHeating" boolean,
    "DoesTheDryStoreHaveAirConditioning" boolean,
    "IsTheDryStorageAreaProtectedFromDirectSunlight" boolean,
    "IsTheDryStorageArea" boolean,
    "IsTheDryStorageAreaClean" boolean,
    "IsTheDryStorageAreaDry" boolean,
    "IsTheDryStorageAreaEquippedWithMechanical" boolean,
    "SurfaceArea" integer,
    "AccessibleHeight" integer,
    "SerialNumber" character varying(50),
    "RepairAndMaintenanceHistory" character varying(50),
    "MaintenanceGroup" character varying(50),
    "OtherFieldsItem1" character varying(150),
    "OtherFieldsItem2" boolean,
    "OtherFieldsItem3" character varying(50),
    "OtherFieldsItemParameter4" character varying(50),
    "isDel" boolean NOT NULL,
    delete_reason character varying(50),
    created_at timestamp with time zone,
    updated_at timestamp with time zone,
    facility_id integer,
    item_class_id integer,
    item_type_id integer
);


ALTER TABLE public.item_item OWNER TO postgres;

--
-- Name: item_item_id_seq; Type: SEQUENCE; Schema: public; Owner: postgres
--

ALTER TABLE public.item_item ALTER COLUMN id ADD GENERATED BY DEFAULT AS IDENTITY (
    SEQUENCE NAME public.item_item_id_seq
    START WITH 1
    INCREMENT BY 1
    NO MINVALUE
    NO MAXVALUE
    CACHE 1
);


--
-- Name: items_itemclass; Type: TABLE; Schema: public; Owner: postgres
--

CREATE TABLE public.items_itemclass (
    id integer NOT NULL,
    title character varying(100) NOT NULL,
    code character varying(20) NOT NULL,
    active boolean NOT NULL,
    created_at timestamp with time zone NOT NULL,
    updated_at timestamp with time zone NOT NULL
);


ALTER TABLE public.items_itemclass OWNER TO postgres;

--
-- Name: items_itemclass_id_seq; Type: SEQUENCE; Schema: public; Owner: postgres
--

ALTER TABLE public.items_itemclass ALTER COLUMN id ADD GENERATED BY DEFAULT AS IDENTITY (
    SEQUENCE NAME public.items_itemclass_id_seq
    START WITH 1
    INCREMENT BY 1
    NO MINVALUE
    NO MAXVALUE
    CACHE 1
);


--
-- Name: items_itemtype; Type: TABLE; Schema: public; Owner: postgres
--

CREATE TABLE public.items_itemtype (
    id integer NOT NULL,
    title character varying(100) NOT NULL,
    code character varying(20) NOT NULL,
    active boolean NOT NULL,
    "havePQS" boolean NOT NULL,
    created_at timestamp with time zone,
    updated_at timestamp with time zone,
    itemclass_id integer NOT NULL
);


ALTER TABLE public.items_itemtype OWNER TO postgres;

--
-- Name: items_itemtype_id_seq; Type: SEQUENCE; Schema: public; Owner: postgres
--

ALTER TABLE public.items_itemtype ALTER COLUMN id ADD GENERATED BY DEFAULT AS IDENTITY (
    SEQUENCE NAME public.items_itemtype_id_seq
    START WITH 1
    INCREMENT BY 1
    NO MINVALUE
    NO MAXVALUE
    CACHE 1
);


--
-- Name: items_itemtypelevel; Type: TABLE; Schema: public; Owner: postgres
--

CREATE TABLE public.items_itemtypelevel (
    "ID" integer NOT NULL,
    active boolean NOT NULL,
    "itemTypeID" integer,
    level_id bigint
);


ALTER TABLE public.items_itemtypelevel OWNER TO postgres;

--
-- Name: items_itemtypelevel_ID_seq; Type: SEQUENCE; Schema: public; Owner: postgres
--

ALTER TABLE public.items_itemtypelevel ALTER COLUMN "ID" ADD GENERATED BY DEFAULT AS IDENTITY (
    SEQUENCE NAME public."items_itemtypelevel_ID_seq"
    START WITH 1
    INCREMENT BY 1
    NO MINVALUE
    NO MAXVALUE
    CACHE 1
);


--
-- Name: items_manufacturer; Type: TABLE; Schema: public; Owner: postgres
--

CREATE TABLE public.items_manufacturer (
    id integer NOT NULL,
    describe character varying(100) NOT NULL,
    active boolean NOT NULL,
    "order" integer NOT NULL,
    itemclass_id integer NOT NULL
);


ALTER TABLE public.items_manufacturer OWNER TO postgres;

--
-- Name: items_manufacturer_id_seq; Type: SEQUENCE; Schema: public; Owner: postgres
--

ALTER TABLE public.items_manufacturer ALTER COLUMN id ADD GENERATED BY DEFAULT AS IDENTITY (
    SEQUENCE NAME public.items_manufacturer_id_seq
    START WITH 1
    INCREMENT BY 1
    NO MINVALUE
    NO MAXVALUE
    CACHE 1
);


--
-- Name: languages_languages; Type: TABLE; Schema: public; Owner: postgres
--

CREATE TABLE public.languages_languages (
    id integer NOT NULL,
    name character varying(100)
);


ALTER TABLE public.languages_languages OWNER TO postgres;

--
-- Name: languages_languages_id_seq; Type: SEQUENCE; Schema: public; Owner: postgres
--

ALTER TABLE public.languages_languages ALTER COLUMN id ADD GENERATED BY DEFAULT AS IDENTITY (
    SEQUENCE NAME public.languages_languages_id_seq
    START WITH 1
    INCREMENT BY 1
    NO MINVALUE
    NO MAXVALUE
    CACHE 1
);


--
-- Name: languages_languages_words; Type: TABLE; Schema: public; Owner: postgres
--

CREATE TABLE public.languages_languages_words (
    id integer NOT NULL,
    word character varying(800),
    translate character varying(800),
    language_id integer
);


ALTER TABLE public.languages_languages_words OWNER TO postgres;

--
-- Name: languages_languages_words_id_seq; Type: SEQUENCE; Schema: public; Owner: postgres
--

ALTER TABLE public.languages_languages_words ALTER COLUMN id ADD GENERATED BY DEFAULT AS IDENTITY (
    SEQUENCE NAME public.languages_languages_words_id_seq
    START WITH 1
    INCREMENT BY 1
    NO MINVALUE
    NO MAXVALUE
    CACHE 1
);


--
-- Name: maintanance_activemaintance; Type: TABLE; Schema: public; Owner: postgres
--

CREATE TABLE public.maintanance_activemaintance (
    id integer NOT NULL,
    enable boolean,
    created_at timestamp with time zone NOT NULL,
    updated_at timestamp with time zone NOT NULL,
    maintanance_id integer,
    maintanncegp_id integer
);


ALTER TABLE public.maintanance_activemaintance OWNER TO postgres;

--
-- Name: maintanance_activemaintance_id_seq; Type: SEQUENCE; Schema: public; Owner: postgres
--

ALTER TABLE public.maintanance_activemaintance ALTER COLUMN id ADD GENERATED BY DEFAULT AS IDENTITY (
    SEQUENCE NAME public.maintanance_activemaintance_id_seq
    START WITH 1
    INCREMENT BY 1
    NO MINVALUE
    NO MAXVALUE
    CACHE 1
);


--
-- Name: maintanance_donemaintance; Type: TABLE; Schema: public; Owner: postgres
--

CREATE TABLE public.maintanance_donemaintance (
    id integer NOT NULL,
    done boolean,
    created_at timestamp with time zone NOT NULL,
    updated_at timestamp with time zone NOT NULL,
    item_id bigint,
    maintanance_id integer,
    maintanncegp_id integer
);


ALTER TABLE public.maintanance_donemaintance OWNER TO postgres;

--
-- Name: maintanance_donemaintance_id_seq; Type: SEQUENCE; Schema: public; Owner: postgres
--

ALTER TABLE public.maintanance_donemaintance ALTER COLUMN id ADD GENERATED BY DEFAULT AS IDENTITY (
    SEQUENCE NAME public.maintanance_donemaintance_id_seq
    START WITH 1
    INCREMENT BY 1
    NO MINVALUE
    NO MAXVALUE
    CACHE 1
);


--
-- Name: maintanance_maintanance; Type: TABLE; Schema: public; Owner: postgres
--

CREATE TABLE public.maintanance_maintanance (
    id integer NOT NULL,
    code character varying(20),
    name character varying(100),
    enable boolean,
    freq integer,
    requires boolean,
    freq_in_loc integer,
    item_class_id integer,
    item_type_id integer
);


ALTER TABLE public.maintanance_maintanance OWNER TO postgres;

--
-- Name: maintanance_maintanance_id_seq; Type: SEQUENCE; Schema: public; Owner: postgres
--

ALTER TABLE public.maintanance_maintanance ALTER COLUMN id ADD GENERATED BY DEFAULT AS IDENTITY (
    SEQUENCE NAME public.maintanance_maintanance_id_seq
    START WITH 1
    INCREMENT BY 1
    NO MINVALUE
    NO MAXVALUE
    CACHE 1
);


--
-- Name: maintanance_maintancegp; Type: TABLE; Schema: public; Owner: postgres
--

CREATE TABLE public.maintanance_maintancegp (
    id integer NOT NULL,
    name character varying(50),
    enable boolean,
    created_at timestamp with time zone NOT NULL,
    updated_at timestamp with time zone NOT NULL,
    item_class_id integer,
    item_type_id integer
);


ALTER TABLE public.maintanance_maintancegp OWNER TO postgres;

--
-- Name: maintanance_maintancegp_id_seq; Type: SEQUENCE; Schema: public; Owner: postgres
--

ALTER TABLE public.maintanance_maintancegp ALTER COLUMN id ADD GENERATED BY DEFAULT AS IDENTITY (
    SEQUENCE NAME public.maintanance_maintancegp_id_seq
    START WITH 1
    INCREMENT BY 1
    NO MINVALUE
    NO MAXVALUE
    CACHE 1
);


--
-- Name: maintanance_todomaintance; Type: TABLE; Schema: public; Owner: postgres
--

CREATE TABLE public.maintanance_todomaintance (
    id integer NOT NULL,
    done boolean,
    created_at timestamp with time zone NOT NULL,
    updated_at timestamp with time zone NOT NULL,
    item_id bigint,
    maintanance_id integer,
    maintanncegp_id integer
);


ALTER TABLE public.maintanance_todomaintance OWNER TO postgres;

--
-- Name: maintanance_todomaintance_id_seq; Type: SEQUENCE; Schema: public; Owner: postgres
--

ALTER TABLE public.maintanance_todomaintance ALTER COLUMN id ADD GENERATED BY DEFAULT AS IDENTITY (
    SEQUENCE NAME public.maintanance_todomaintance_id_seq
    START WITH 1
    INCREMENT BY 1
    NO MINVALUE
    NO MAXVALUE
    CACHE 1
);


--
-- Name: message_message; Type: TABLE; Schema: public; Owner: postgres
--

CREATE TABLE public.message_message (
    id integer NOT NULL,
    subject character varying(100),
    body text,
    created_at timestamp with time zone NOT NULL,
    updated_at timestamp with time zone NOT NULL,
    reciever_id integer,
    sender_id integer,
    read boolean NOT NULL
);


ALTER TABLE public.message_message OWNER TO postgres;

--
-- Name: message_message_id_seq; Type: SEQUENCE; Schema: public; Owner: postgres
--

ALTER TABLE public.message_message ALTER COLUMN id ADD GENERATED BY DEFAULT AS IDENTITY (
    SEQUENCE NAME public.message_message_id_seq
    START WITH 1
    INCREMENT BY 1
    NO MINVALUE
    NO MAXVALUE
    CACHE 1
);


--
-- Name: message_readedmessage; Type: TABLE; Schema: public; Owner: postgres
--

CREATE TABLE public.message_readedmessage (
    id integer NOT NULL,
    created_at timestamp with time zone NOT NULL,
    updated_at timestamp with time zone NOT NULL,
    message_id integer,
    user_id bigint
);


ALTER TABLE public.message_readedmessage OWNER TO postgres;

--
-- Name: message_readedmessage_id_seq; Type: SEQUENCE; Schema: public; Owner: postgres
--

ALTER TABLE public.message_readedmessage ALTER COLUMN id ADD GENERATED BY DEFAULT AS IDENTITY (
    SEQUENCE NAME public.message_readedmessage_id_seq
    START WITH 1
    INCREMENT BY 1
    NO MINVALUE
    NO MAXVALUE
    CACHE 1
);


--
-- Name: related_facilityparam; Type: TABLE; Schema: public; Owner: postgres
--

CREATE TABLE public.related_facilityparam (
    id integer NOT NULL,
    "order" integer NOT NULL,
    fieldid_id integer NOT NULL
);


ALTER TABLE public.related_facilityparam OWNER TO postgres;

--
-- Name: related_facilityparam_id_seq; Type: SEQUENCE; Schema: public; Owner: postgres
--

ALTER TABLE public.related_facilityparam ALTER COLUMN id ADD GENERATED BY DEFAULT AS IDENTITY (
    SEQUENCE NAME public.related_facilityparam_id_seq
    START WITH 1
    INCREMENT BY 1
    NO MINVALUE
    NO MAXVALUE
    CACHE 1
);


--
-- Name: related_facilityparamdescription; Type: TABLE; Schema: public; Owner: postgres
--

CREATE TABLE public.related_facilityparamdescription (
    id integer NOT NULL,
    name character varying(100) NOT NULL,
    "order" integer NOT NULL,
    enabled boolean NOT NULL,
    paramid_id integer NOT NULL
);


ALTER TABLE public.related_facilityparamdescription OWNER TO postgres;

--
-- Name: related_facilityparamdescription_id_seq; Type: SEQUENCE; Schema: public; Owner: postgres
--

ALTER TABLE public.related_facilityparamdescription ALTER COLUMN id ADD GENERATED BY DEFAULT AS IDENTITY (
    SEQUENCE NAME public.related_facilityparamdescription_id_seq
    START WITH 1
    INCREMENT BY 1
    NO MINVALUE
    NO MAXVALUE
    CACHE 1
);


--
-- Name: related_facilityvalidation; Type: TABLE; Schema: public; Owner: postgres
--

CREATE TABLE public.related_facilityvalidation (
    id integer NOT NULL,
    digits integer NOT NULL,
    min integer NOT NULL,
    max integer NOT NULL,
    "float" boolean NOT NULL,
    floating integer NOT NULL,
    fieldid_id integer NOT NULL
);


ALTER TABLE public.related_facilityvalidation OWNER TO postgres;

--
-- Name: related_facilityvalidation_id_seq; Type: SEQUENCE; Schema: public; Owner: postgres
--

ALTER TABLE public.related_facilityvalidation ALTER COLUMN id ADD GENERATED BY DEFAULT AS IDENTITY (
    SEQUENCE NAME public.related_facilityvalidation_id_seq
    START WITH 1
    INCREMENT BY 1
    NO MINVALUE
    NO MAXVALUE
    CACHE 1
);


--
-- Name: related_field; Type: TABLE; Schema: public; Owner: postgres
--

CREATE TABLE public.related_field (
    id integer NOT NULL,
    name character varying(80) NOT NULL,
    topic character varying(100) NOT NULL,
    type character varying(100) NOT NULL,
    state character varying(100)
);


ALTER TABLE public.related_field OWNER TO postgres;

--
-- Name: related_field_id_seq; Type: SEQUENCE; Schema: public; Owner: postgres
--

ALTER TABLE public.related_field ALTER COLUMN id ADD GENERATED BY DEFAULT AS IDENTITY (
    SEQUENCE NAME public.related_field_id_seq
    START WITH 1
    INCREMENT BY 1
    NO MINVALUE
    NO MAXVALUE
    CACHE 1
);


--
-- Name: related_itemparam; Type: TABLE; Schema: public; Owner: postgres
--

CREATE TABLE public.related_itemparam (
    id integer NOT NULL,
    "order" integer NOT NULL,
    fieldid_id integer NOT NULL
);


ALTER TABLE public.related_itemparam OWNER TO postgres;

--
-- Name: related_itemparam_id_seq; Type: SEQUENCE; Schema: public; Owner: postgres
--

ALTER TABLE public.related_itemparam ALTER COLUMN id ADD GENERATED BY DEFAULT AS IDENTITY (
    SEQUENCE NAME public.related_itemparam_id_seq
    START WITH 1
    INCREMENT BY 1
    NO MINVALUE
    NO MAXVALUE
    CACHE 1
);


--
-- Name: related_itemparamdescription; Type: TABLE; Schema: public; Owner: postgres
--

CREATE TABLE public.related_itemparamdescription (
    id integer NOT NULL,
    name character varying(100) NOT NULL,
    "order" integer NOT NULL,
    enabled boolean NOT NULL,
    paramid_id integer NOT NULL
);


ALTER TABLE public.related_itemparamdescription OWNER TO postgres;

--
-- Name: related_itemparamdescription_id_seq; Type: SEQUENCE; Schema: public; Owner: postgres
--

ALTER TABLE public.related_itemparamdescription ALTER COLUMN id ADD GENERATED BY DEFAULT AS IDENTITY (
    SEQUENCE NAME public.related_itemparamdescription_id_seq
    START WITH 1
    INCREMENT BY 1
    NO MINVALUE
    NO MAXVALUE
    CACHE 1
);


--
-- Name: related_itemvalidation; Type: TABLE; Schema: public; Owner: postgres
--

CREATE TABLE public.related_itemvalidation (
    id integer NOT NULL,
    digits integer NOT NULL,
    min integer NOT NULL,
    max integer NOT NULL,
    "float" boolean NOT NULL,
    floating integer NOT NULL,
    fieldid_id integer NOT NULL
);


ALTER TABLE public.related_itemvalidation OWNER TO postgres;

--
-- Name: related_itemvalidation_id_seq; Type: SEQUENCE; Schema: public; Owner: postgres
--

ALTER TABLE public.related_itemvalidation ALTER COLUMN id ADD GENERATED BY DEFAULT AS IDENTITY (
    SEQUENCE NAME public.related_itemvalidation_id_seq
    START WITH 1
    INCREMENT BY 1
    NO MINVALUE
    NO MAXVALUE
    CACHE 1
);


--
-- Name: related_relatedfacility; Type: TABLE; Schema: public; Owner: postgres
--

CREATE TABLE public.related_relatedfacility (
    id integer NOT NULL,
    name text NOT NULL,
    active boolean NOT NULL,
    required boolean NOT NULL,
    topic character varying(100),
    type character varying(100) NOT NULL,
    state character varying(100),
    disabled boolean NOT NULL
);


ALTER TABLE public.related_relatedfacility OWNER TO postgres;

--
-- Name: related_relatedfacility_id_seq; Type: SEQUENCE; Schema: public; Owner: postgres
--

ALTER TABLE public.related_relatedfacility ALTER COLUMN id ADD GENERATED BY DEFAULT AS IDENTITY (
    SEQUENCE NAME public.related_relatedfacility_id_seq
    START WITH 1
    INCREMENT BY 1
    NO MINVALUE
    NO MAXVALUE
    CACHE 1
);


--
-- Name: related_relateditemtype; Type: TABLE; Schema: public; Owner: postgres
--

CREATE TABLE public.related_relateditemtype (
    id integer NOT NULL,
    required boolean NOT NULL,
    field_id integer NOT NULL,
    itemtype_id integer NOT NULL
);


ALTER TABLE public.related_relateditemtype OWNER TO postgres;

--
-- Name: related_relateditemtype_id_seq; Type: SEQUENCE; Schema: public; Owner: postgres
--

ALTER TABLE public.related_relateditemtype ALTER COLUMN id ADD GENERATED BY DEFAULT AS IDENTITY (
    SEQUENCE NAME public.related_relateditemtype_id_seq
    START WITH 1
    INCREMENT BY 1
    NO MINVALUE
    NO MAXVALUE
    CACHE 1
);


--
-- Name: reports_gapsave; Type: TABLE; Schema: public; Owner: postgres
--

CREATE TABLE public.reports_gapsave (
    id integer NOT NULL,
    code character varying(20),
    condition integer NOT NULL,
    created_at timestamp with time zone NOT NULL,
    updated_at timestamp with time zone NOT NULL,
    req_capacity double precision NOT NULL,
    available double precision NOT NULL,
    func_cap double precision NOT NULL,
    exces double precision NOT NULL,
    calculate_for character varying(20),
    general integer,
    under_1 integer,
    planned boolean NOT NULL,
    facility_id integer,
    level_id bigint,
    parent_fac_id integer
);


ALTER TABLE public.reports_gapsave OWNER TO postgres;

--
-- Name: reports_gapsave_id_seq; Type: SEQUENCE; Schema: public; Owner: postgres
--

ALTER TABLE public.reports_gapsave ALTER COLUMN id ADD GENERATED BY DEFAULT AS IDENTITY (
    SEQUENCE NAME public.reports_gapsave_id_seq
    START WITH 1
    INCREMENT BY 1
    NO MINVALUE
    NO MAXVALUE
    CACHE 1
);


--
-- Name: reports_plannedgap; Type: TABLE; Schema: public; Owner: postgres
--

CREATE TABLE public.reports_plannedgap (
    id integer NOT NULL,
    pqs_type integer NOT NULL,
    pqs_id integer NOT NULL,
    provided boolean NOT NULL,
    asiign boolean NOT NULL,
    created_at timestamp with time zone NOT NULL,
    updated_at timestamp with time zone NOT NULL,
    gap_id integer
);


ALTER TABLE public.reports_plannedgap OWNER TO postgres;

--
-- Name: reports_plannedgap_id_seq; Type: SEQUENCE; Schema: public; Owner: postgres
--

ALTER TABLE public.reports_plannedgap ALTER COLUMN id ADD GENERATED BY DEFAULT AS IDENTITY (
    SEQUENCE NAME public.reports_plannedgap_id_seq
    START WITH 1
    INCREMENT BY 1
    NO MINVALUE
    NO MAXVALUE
    CACHE 1
);


--
-- Name: token_blacklist_blacklistedtoken; Type: TABLE; Schema: public; Owner: postgres
--

CREATE TABLE public.token_blacklist_blacklistedtoken (
    id bigint NOT NULL,
    blacklisted_at timestamp with time zone NOT NULL,
    token_id bigint NOT NULL
);


ALTER TABLE public.token_blacklist_blacklistedtoken OWNER TO postgres;

--
-- Name: token_blacklist_blacklistedtoken_id_seq; Type: SEQUENCE; Schema: public; Owner: postgres
--

ALTER TABLE public.token_blacklist_blacklistedtoken ALTER COLUMN id ADD GENERATED BY DEFAULT AS IDENTITY (
    SEQUENCE NAME public.token_blacklist_blacklistedtoken_id_seq
    START WITH 1
    INCREMENT BY 1
    NO MINVALUE
    NO MAXVALUE
    CACHE 1
);


--
-- Name: token_blacklist_outstandingtoken; Type: TABLE; Schema: public; Owner: postgres
--

CREATE TABLE public.token_blacklist_outstandingtoken (
    id bigint NOT NULL,
    token text NOT NULL,
    created_at timestamp with time zone,
    expires_at timestamp with time zone NOT NULL,
    user_id bigint,
    jti character varying(255) NOT NULL
);


ALTER TABLE public.token_blacklist_outstandingtoken OWNER TO postgres;

--
-- Name: token_blacklist_outstandingtoken_id_seq; Type: SEQUENCE; Schema: public; Owner: postgres
--

ALTER TABLE public.token_blacklist_outstandingtoken ALTER COLUMN id ADD GENERATED BY DEFAULT AS IDENTITY (
    SEQUENCE NAME public.token_blacklist_outstandingtoken_id_seq
    START WITH 1
    INCREMENT BY 1
    NO MINVALUE
    NO MAXVALUE
    CACHE 1
);


--
-- Data for Name: CountryConfig; Type: TABLE DATA; Schema: public; Owner: postgres
--

COPY public."CountryConfig" (id, country, "CodeCountry", "Currency", "Levels", "Logo", "SecondLogo", "PopTarget", poprate, havehr, mainlocation, "Logo2", "usingTool", "usingMaintenance", created_at, updated_at) FROM stdin;
1	Jordan	JOR	JOD	5	Jordan-MOH-9x16.png	Unicef-1x1.png	General population	1.25	t	LatLng(31.941201195687253,35.918076229197254)	undefined	t	t	2022-09-29 12:23:58.743+02	2022-11-21 09:26:48.019776+01
\.


--
-- Data for Name: Facility; Type: TABLE DATA; Schema: public; Owner: postgres
--

COPY public."Facility" (id, name, code, type, "populationNumber", "childrenNumber", "loverLevelFac", created_at, updated_at, province, zone, district, city, address, "postalCode", national_code, email, "gpsCordinate", phone, land_phone, "haveInternet", year, is_functioning, climate, ownership, "roadType", "distanceFromParent", "timeToParent", "daysOpen", "workingFrom", "workingTo", recieve_mode, transport_mode, "HaveImmService", "TypeImmService", "NumImmperWeek", "HaveCovid19Service", "CoverageX1", "CoverageX2", "CoverageX3", "CoverageX4", "IndividualsX1", "IndividualsX2", "IndividualsX3", "IndividualsX4", "NumberIcepack", "OtherService", other_services, "IsSuitable", "IsSuitableReason", "HaveGen", "PowerSource", "Maintance", "VacNum", "TotalStaff", "ProfStaff", "Nurses", "Drivers", "OtherStaff", other1, other2, other3, other4, other5, other6, remark, "completerStaffSign", "isDeleted", delete_reason, other_code, "completerStaff", country_id, level_id, parentid_id) FROM stdin;
1	Central store	JOR0100001	\N	\N	\N	\N	2022-09-29 12:24:39.825+02	2022-11-21 09:26:48.024014+01	\N	\N	\N	\N	\N	\N	\N	\N	\N	\N	f	\N	\N	t	\N	\N	\N	\N	\N	\N	\N	\N	\N	\N	\N	\N	\N	\N	\N	\N	\N	\N	\N	\N	\N	\N	\N	\N	\N	\N	\N	\N	\N	\N	\N	\N	\N	\N	\N	\N	\N	\N	\N	\N	\N	\N	\N	\N	f	\N	\N	1	1	1	\N
\.


--
-- Data for Name: HR_hr; Type: TABLE DATA; Schema: public; Owner: postgres
--

COPY public."HR_hr" (id, full_name, position_level, genders, educatioin_level, years_in_service, created_at, updated_at, year_in_position, facility_id) FROM stdin;
\.


--
-- Data for Name: LevelConfig; Type: TABLE DATA; Schema: public; Owner: postgres
--

COPY public."LevelConfig" (id, maxpop, minpop, uppervol, undervol, m25vol, m70vol, m25volnew, m70volnew, uppervolnew, undervolnew, name, dryvol, dryvolnew, created_at, updated_at, country_id, parent_id) FROM stdin;
1	0	0	0.00	0.00	0.00	0.00	0.00	0.00	0.00	0.00	Level 1	0.00	0.00	2022-09-29 12:24:16.893+02	2022-10-03 14:44:37.299+02	1	\N
2	0	0	0.00	0.00	0.00	0.00	0.00	0.00	0.00	0.00	levels3	0.00	0.00	2022-09-29 12:39:46.167+02	2022-09-29 12:39:46.167+02	1	1
3	0	0	0.00	0.00	0.00	0.00	0.00	0.00	0.00	0.00	levels4	0.00	0.00	2022-10-03 14:41:10.597+02	2022-10-03 14:41:10.597+02	1	2
4	0	0	0.00	0.00	0.00	0.00	0.00	0.00	0.00	0.00	levels5	0.00	0.00	2022-10-03 14:41:13.178+02	2022-10-03 14:44:28.992+02	1	3
5	0	0	0.00	0.00	0.00	0.00	0.00	0.00	0.00	0.00	levels3	0.00	0.00	2022-10-03 14:41:15.841+02	2022-10-03 14:41:15.841+02	1	1
\.


--
-- Data for Name: PQS_pqs3; Type: TABLE DATA; Schema: public; Owner: postgres
--

COPY public."PQS_pqs3" (id, "Description", "Make", "Model", "PQScode", "Refrigerant", "RefrigeratorCapacity", "FreezerCapacity", kg_24_hrs, "H", "W", "L") FROM stdin;
\.


--
-- Data for Name: PQS_pqs4; Type: TABLE DATA; Schema: public; Owner: postgres
--

COPY public."PQS_pqs4" (id, "PQSNumber", "Type", "Manufacturer", "Model", "VaccineNetStorageCapacity", "CoolantPackNominalCapacity", "NumberCoolantPacks", "ExternalVolume") FROM stdin;
\.


--
-- Data for Name: User; Type: TABLE DATA; Schema: public; Owner: postgres
--

COPY public."User" (id, password, last_login, is_superuser, username, first_name, last_name, email, is_staff, is_active, date_joined, name, created_at, updated_at, idnumber, "position", phone, facadmin, itemadmin, reportadmin, useradmin, owner, facilityid_id) FROM stdin;
1	pbkdf2_sha256$390000$gIpyUFtKUBEyy7WYuIGt34$jNUOsMcNqRgQrgN/YFlFIetqRIxgpdz1J2ezAsuK4xs=	2022-10-08 14:34:13.997+02	t	admin				t	t	2022-09-29 12:18:46.261+02	admin	2022-09-29 12:18:46.444+02	2022-11-21 12:40:37.90418+01	\N	\N	\N	t	t	t	t	\N	1
2	pbkdf2_sha256$390000$dMbb75PmWAk5Sb4iRNpK7S$HllYcYJraFiBPoWDkbw7e2Tg7H8ayQ+psGvanhLrknc=	2023-01-04 23:16:24.276121+01	t	t_admin				t	t	2023-01-04 23:07:11.680772+01	\N	2023-01-04 23:07:11.770464+01	2023-01-04 23:07:11.770472+01	\N	\N	\N	\N	\N	\N	\N	\N	\N
\.


--
-- Data for Name: User_groups; Type: TABLE DATA; Schema: public; Owner: postgres
--

COPY public."User_groups" (id, user_id, group_id) FROM stdin;
\.


--
-- Data for Name: User_user_permissions; Type: TABLE DATA; Schema: public; Owner: postgres
--

COPY public."User_user_permissions" (id, user_id, permission_id) FROM stdin;
\.


--
-- Data for Name: auth_group; Type: TABLE DATA; Schema: public; Owner: postgres
--

COPY public.auth_group (id, name) FROM stdin;
\.


--
-- Data for Name: auth_group_permissions; Type: TABLE DATA; Schema: public; Owner: postgres
--

COPY public.auth_group_permissions (id, group_id, permission_id) FROM stdin;
\.


--
-- Data for Name: auth_permission; Type: TABLE DATA; Schema: public; Owner: postgres
--

COPY public.auth_permission (id, name, content_type_id, codename) FROM stdin;
157	Can add readed message	40	add_readedmessage
158	Can change readed message	40	change_readedmessage
159	Can delete readed message	40	delete_readedmessage
160	Can view readed message	40	view_readedmessage
1	Can add log entry	1	add_logentry
2	Can change log entry	1	change_logentry
3	Can delete log entry	1	delete_logentry
4	Can view log entry	1	view_logentry
5	Can add permission	2	add_permission
6	Can change permission	2	change_permission
7	Can delete permission	2	delete_permission
8	Can view permission	2	view_permission
9	Can add group	3	add_group
10	Can change group	3	change_group
11	Can delete group	3	delete_group
12	Can view group	3	view_group
13	Can add content type	4	add_contenttype
14	Can change content type	4	change_contenttype
15	Can delete content type	4	delete_contenttype
16	Can view content type	4	view_contenttype
17	Can add session	5	add_session
18	Can change session	5	change_session
19	Can delete session	5	delete_session
20	Can view session	5	view_session
21	Can add user	6	add_user
22	Can change user	6	change_user
23	Can delete user	6	delete_user
24	Can view user	6	view_user
25	Can add country config	7	add_countryconfig
26	Can change country config	7	change_countryconfig
27	Can delete country config	7	delete_countryconfig
28	Can view country config	7	view_countryconfig
29	Can add level config	8	add_levelconfig
30	Can change level config	8	change_levelconfig
31	Can delete level config	8	delete_levelconfig
32	Can view level config	8	view_levelconfig
33	Can add gap save	9	add_gapsave
34	Can change gap save	9	change_gapsave
35	Can delete gap save	9	delete_gapsave
36	Can view gap save	9	view_gapsave
37	Can add planned gap	10	add_plannedgap
38	Can change planned gap	10	change_plannedgap
39	Can delete planned gap	10	delete_plannedgap
40	Can view planned gap	10	view_plannedgap
41	Can add item class	11	add_itemclass
42	Can change item class	11	change_itemclass
43	Can delete item class	11	delete_itemclass
44	Can view item class	11	view_itemclass
45	Can add item type	12	add_itemtype
46	Can change item type	12	change_itemtype
47	Can delete item type	12	delete_itemtype
48	Can view item type	12	view_itemtype
49	Can add manufacturer	13	add_manufacturer
50	Can change manufacturer	13	change_manufacturer
51	Can delete manufacturer	13	delete_manufacturer
52	Can view manufacturer	13	view_manufacturer
53	Can add itemtypelevel	14	add_itemtypelevel
54	Can change itemtypelevel	14	change_itemtypelevel
55	Can delete itemtypelevel	14	delete_itemtypelevel
56	Can view itemtypelevel	14	view_itemtypelevel
57	Can add facility param	15	add_facilityparam
58	Can change facility param	15	change_facilityparam
59	Can delete facility param	15	delete_facilityparam
60	Can view facility param	15	view_facilityparam
61	Can add field	16	add_field
62	Can change field	16	change_field
63	Can delete field	16	delete_field
64	Can view field	16	view_field
65	Can add item param	17	add_itemparam
66	Can change item param	17	change_itemparam
67	Can delete item param	17	delete_itemparam
68	Can view item param	17	view_itemparam
69	Can add related facility	18	add_relatedfacility
70	Can change related facility	18	change_relatedfacility
71	Can delete related facility	18	delete_relatedfacility
72	Can view related facility	18	view_relatedfacility
73	Can add related item type	19	add_relateditemtype
74	Can change related item type	19	change_relateditemtype
75	Can delete related item type	19	delete_relateditemtype
76	Can view related item type	19	view_relateditemtype
77	Can add itemvalidation	20	add_itemvalidation
78	Can change itemvalidation	20	change_itemvalidation
79	Can delete itemvalidation	20	delete_itemvalidation
80	Can view itemvalidation	20	view_itemvalidation
81	Can add item param description	21	add_itemparamdescription
82	Can change item param description	21	change_itemparamdescription
83	Can delete item param description	21	delete_itemparamdescription
84	Can view item param description	21	view_itemparamdescription
85	Can add facilityvalidation	22	add_facilityvalidation
86	Can change facilityvalidation	22	change_facilityvalidation
87	Can delete facilityvalidation	22	delete_facilityvalidation
88	Can view facilityvalidation	22	view_facilityvalidation
89	Can add facility param description	23	add_facilityparamdescription
90	Can change facility param description	23	change_facilityparamdescription
91	Can delete facility param description	23	delete_facilityparamdescription
92	Can view facility param description	23	view_facilityparamdescription
93	Can add help	24	add_help
94	Can change help	24	change_help
95	Can delete help	24	delete_help
96	Can view help	24	view_help
97	Can add pqs3	25	add_pqs3
98	Can change pqs3	25	change_pqs3
99	Can delete pqs3	25	delete_pqs3
100	Can view pqs3	25	view_pqs3
101	Can add pqs4	26	add_pqs4
102	Can change pqs4	26	change_pqs4
103	Can delete pqs4	26	delete_pqs4
104	Can view pqs4	26	view_pqs4
105	Can add hr	27	add_hr
106	Can change hr	27	change_hr
107	Can delete hr	27	delete_hr
108	Can view hr	27	view_hr
109	Can add languages	28	add_languages
110	Can change languages	28	change_languages
111	Can delete languages	28	delete_languages
112	Can view languages	28	view_languages
113	Can add languages_words	29	add_languages_words
114	Can change languages_words	29	change_languages_words
115	Can delete languages_words	29	delete_languages_words
116	Can view languages_words	29	view_languages_words
117	Can add message	30	add_message
118	Can change message	30	change_message
119	Can delete message	30	delete_message
120	Can view message	30	view_message
121	Can add facility	31	add_facility
122	Can change facility	31	change_facility
123	Can delete facility	31	delete_facility
124	Can view facility	31	view_facility
125	Can add item	32	add_item
126	Can change item	32	change_item
127	Can delete item	32	delete_item
128	Can view item	32	view_item
129	Can add maintanance	33	add_maintanance
130	Can change maintanance	33	change_maintanance
131	Can delete maintanance	33	delete_maintanance
132	Can view maintanance	33	view_maintanance
133	Can add maintancegp	34	add_maintancegp
134	Can change maintancegp	34	change_maintancegp
135	Can delete maintancegp	34	delete_maintancegp
136	Can view maintancegp	34	view_maintancegp
137	Can add to do maintance	35	add_todomaintance
138	Can change to do maintance	35	change_todomaintance
139	Can delete to do maintance	35	delete_todomaintance
140	Can view to do maintance	35	view_todomaintance
141	Can add done maintance	36	add_donemaintance
142	Can change done maintance	36	change_donemaintance
143	Can delete done maintance	36	delete_donemaintance
144	Can view done maintance	36	view_donemaintance
145	Can add active maintance	37	add_activemaintance
146	Can change active maintance	37	change_activemaintance
147	Can delete active maintance	37	delete_activemaintance
148	Can view active maintance	37	view_activemaintance
149	Can add blacklisted token	38	add_blacklistedtoken
150	Can change blacklisted token	38	change_blacklistedtoken
151	Can delete blacklisted token	38	delete_blacklistedtoken
152	Can view blacklisted token	38	view_blacklistedtoken
153	Can add outstanding token	39	add_outstandingtoken
154	Can change outstanding token	39	change_outstandingtoken
155	Can delete outstanding token	39	delete_outstandingtoken
156	Can view outstanding token	39	view_outstandingtoken
\.


--
-- Data for Name: django_admin_log; Type: TABLE DATA; Schema: public; Owner: postgres
--

COPY public.django_admin_log (id, action_time, object_id, object_repr, action_flag, change_message, content_type_id, user_id) FROM stdin;
1	2022-09-29 12:23:58.745+02	1	CountryConfig object (1)	1	[{"added": {}}]	7	1
2	2022-09-29 12:24:16.896+02	1	LevelConfig object (1)	1	[{"added": {}}]	8	1
3	2022-09-29 12:24:39.829+02	1	Central store	1	[{"added": {}}]	31	1
4	2022-09-29 12:25:04.609+02	1	admin	2	[{"changed": {"fields": ["Name", "Facilityid", "Facadmin", "Itemadmin", "Reportadmin", "Useradmin"]}}]	6	1
5	2022-09-29 12:26:41.812+02	1	CountryConfig object (1)	2	[{"changed": {"fields": ["Levels"]}}]	7	1
6	2022-10-03 14:11:40.474+02	9	ItemClass object (9)	2	[]	11	1
7	2022-10-03 14:12:50.318+02	1	CountryConfig object (1)	2	[{"changed": {"fields": ["Levels"]}}]	7	1
8	2022-10-03 14:44:21.692+02	1	LevelConfig object (1)	2	[{"changed": {"fields": ["Maxpop", "Minpop", "Uppervol", "Undervol", "M25vol", "M70vol", "M25volnew", "M70volnew", "Uppervolnew", "Undervolnew", "Name", "Dryvol", "Dryvolnew"]}}]	8	1
9	2022-10-03 14:44:28.993+02	4	LevelConfig object (4)	2	[]	8	1
10	2022-10-03 14:44:37.3+02	1	LevelConfig object (1)	2	[]	8	1
11	2022-10-08 14:34:32.036+02	1	Central store	2	[{"changed": {"fields": ["Code"]}}]	31	1
12	2022-10-08 14:34:42.388+02	1	CountryConfig object (1)	2	[{"changed": {"fields": ["Codecountry"]}}]	7	1
13	2022-10-08 14:34:53.279+02	50	reason1	3		23	1
14	2022-10-08 14:34:53.281+02	49	Standby generator	3		23	1
15	2022-10-08 14:34:53.282+02	48	Highway	3		23	1
16	2022-10-08 14:34:53.283+02	47	No road	3		23	1
17	2022-10-08 14:34:53.284+02	46	Dirt road	3		23	1
18	2022-10-08 14:34:53.285+02	45	Asphalt	3		23	1
19	2022-10-08 14:34:53.286+02	44	Mental health services	3		23	1
20	2022-10-08 14:34:53.287+02	43	Dental care services	3		23	1
21	2022-10-08 14:34:53.288+02	42	Curative services	3		23	1
22	2022-10-08 14:34:53.288+02	41	Maternity services	3		23	1
23	2022-10-08 14:34:53.289+02	40	Fixed and out-reach sessions	3		23	1
24	2022-10-08 14:34:53.29+02	39	Out-reach	3		23	1
25	2022-10-08 14:34:53.291+02	38	Fixed sessions	3		23	1
26	2022-10-08 14:34:53.292+02	37	Air	3		23	1
27	2022-10-08 14:34:53.293+02	36	Car	3		23	1
28	2022-10-08 14:34:53.294+02	35	Collect and receivie (both)	3		23	1
29	2022-10-08 14:34:53.295+02	34	Receive	3		23	1
30	2022-10-08 14:34:53.295+02	33	Collect	3		23	1
31	2022-10-08 14:34:53.296+02	32	Highway	3		23	1
32	2022-10-08 14:34:53.297+02	31	No road	3		23	1
33	2022-10-08 14:34:53.298+02	30	No longer functioning/ exist	3		23	1
34	2022-10-08 14:34:53.299+02	29	Recorded by mistake	3		23	1
35	2022-10-08 14:34:53.3+02	28	No grid power	3		23	1
36	2022-10-08 14:34:53.3+02	27	Less than 8 hours/ 24 hours	3		23	1
37	2022-10-08 14:34:53.301+02	26	Between 8 to 16 hours/ 24 hours	3		23	1
38	2022-10-08 14:34:53.302+02	25	More then 16 hours/ 24 hours	3		23	1
39	2022-10-08 14:34:53.303+02	24	Military	3		23	1
40	2022-10-08 14:34:53.304+02	23	NGO B	3		23	1
41	2022-10-08 14:34:53.305+02	22	NGO A	3		23	1
42	2022-10-08 14:34:53.306+02	21	Ministry of Health	3		23	1
43	2022-10-08 14:34:53.306+02	20	Not well maintained	3		23	1
44	2022-10-08 14:34:53.307+02	19	Compound not well secured	3		23	1
45	2022-10-08 14:34:53.308+02	18	Building too old	3		23	1
46	2022-10-08 14:34:53.309+02	17	Space not adequate	3		23	1
47	2022-10-08 14:34:53.31+02	14	Sistan	3		23	1
48	2022-10-08 14:34:53.311+02	13	Mashahd	3		23	1
49	2022-10-08 14:34:53.311+02	12	Very cold	3		23	1
50	2022-10-08 14:34:53.312+02	11	Cold	3		23	1
51	2022-10-08 14:34:53.313+02	10	Mild	3		23	1
52	2022-10-08 14:34:53.314+02	9	Hot	3		23	1
53	2022-10-08 14:34:53.315+02	8	Very hot	3		23	1
54	2022-10-08 14:34:53.316+02	7	Vaccine Store	3		23	1
55	2022-10-08 14:34:53.317+02	6	Vaccine Store and service delivery (VS HF)	3		23	1
56	2022-10-08 14:34:53.317+02	5	Health Centre (HC)	3		23	1
57	2022-10-08 14:34:53.318+02	4	Health House (HH)	3		23	1
58	2022-10-08 14:34:53.319+02	3	Tehran Markaz	3		23	1
59	2022-10-08 14:34:53.32+02	2	Shiraz	3		23	1
60	2022-10-08 14:34:53.321+02	1	Isfahan	3		23	1
61	2022-10-08 14:35:04.596+02	23	no technition	3		21	1
62	2022-10-08 14:35:04.598+02	22	Not good	3		21	1
63	2022-10-08 14:35:04.599+02	21	Good	3		21	1
64	2022-10-08 14:35:04.6+02	20	Alchohol	3		21	1
65	2022-10-08 14:35:04.602+02	19	Mercury	3		21	1
66	2022-10-08 14:35:04.603+02	18	Type of refrigerator / freezer	3		21	1
67	2022-10-08 14:35:04.604+02	17	Transferred to another facility	3		21	1
68	2022-10-08 14:35:04.604+02	16	Temporary out of work	3		21	1
69	2022-10-08 14:35:04.605+02	15	Beyond repiar	3		21	1
70	2022-10-08 14:35:04.606+02	14	Entered by mistake	3		21	1
71	2022-10-08 14:35:04.607+02	13	Petrol	3		21	1
72	2022-10-08 14:35:04.608+02	12	Diesel	3		21	1
73	2022-10-08 14:35:04.609+02	11	Not functioning	3		21	1
74	2022-10-08 14:35:04.61+02	10	Functioning	3		21	1
75	2022-10-08 14:35:04.611+02	9	Gas	3		21	1
76	2022-10-08 14:35:04.611+02	8	Solar	3		21	1
77	2022-10-08 14:35:04.612+02	7	Electricity	3		21	1
78	2022-10-08 14:35:04.613+02	6	GAVI	3		21	1
79	2022-10-08 14:35:04.614+02	5	WHO	3		21	1
80	2022-10-08 14:35:04.615+02	4	UNICEF	3		21	1
81	2022-10-08 14:35:04.616+02	3	Ministry of Health	3		21	1
82	2022-10-08 14:35:04.617+02	2	Refrigerator/ Freezer top opening	3		21	1
83	2022-10-08 14:35:04.618+02	1	Refrigerator/ Freezer front oprning	3		21	1
\.


--
-- Data for Name: django_content_type; Type: TABLE DATA; Schema: public; Owner: postgres
--

COPY public.django_content_type (id, app_label, model) FROM stdin;
40	message	readedmessage
1	admin	logentry
2	auth	permission
3	auth	group
4	contenttypes	contenttype
5	sessions	session
6	authen	user
7	settings	countryconfig
8	settings	levelconfig
9	reports	gapsave
10	reports	plannedgap
11	items	itemclass
12	items	itemtype
13	items	manufacturer
14	items	itemtypelevel
15	related	facilityparam
16	related	field
17	related	itemparam
18	related	relatedfacility
19	related	relateditemtype
20	related	itemvalidation
21	related	itemparamdescription
22	related	facilityvalidation
23	related	facilityparamdescription
24	help	help
25	PQS	pqs3
26	PQS	pqs4
27	HR	hr
28	languages	languages
29	languages	languages_words
30	message	message
31	facilities	facility
32	item	item
33	maintanance	maintanance
34	maintanance	maintancegp
35	maintanance	todomaintance
36	maintanance	donemaintance
37	maintanance	activemaintance
38	token_blacklist	blacklistedtoken
39	token_blacklist	outstandingtoken
\.


--
-- Data for Name: django_migrations; Type: TABLE DATA; Schema: public; Owner: postgres
--

COPY public.django_migrations (id, app, name, applied) FROM stdin;
1	settings	0001_initial	2022-11-21 09:21:00.741459+01
2	authen	0001_initial	2022-11-21 09:21:00.753853+01
3	facilities	0001_initial	2022-11-21 09:21:00.777629+01
4	HR	0001_initial	2022-11-21 09:21:00.783368+01
5	HR	0002_initial	2022-11-21 09:21:00.7951+01
6	PQS	0001_initial	2022-11-21 09:21:00.804946+01
7	contenttypes	0001_initial	2022-11-21 09:21:00.813219+01
8	admin	0001_initial	2022-11-21 09:21:00.831713+01
9	admin	0002_logentry_remove_auto_add	2022-11-21 09:21:00.840184+01
10	admin	0003_logentry_add_action_flag_choices	2022-11-21 09:21:00.846414+01
11	contenttypes	0002_remove_content_type_name	2022-11-21 09:21:00.863269+01
12	auth	0001_initial	2022-11-21 09:21:00.910326+01
13	auth	0002_alter_permission_name_max_length	2022-11-21 09:21:00.921528+01
14	auth	0003_alter_user_email_max_length	2022-11-21 09:21:00.926533+01
15	auth	0004_alter_user_username_opts	2022-11-21 09:21:00.931602+01
16	auth	0005_alter_user_last_login_null	2022-11-21 09:21:00.936827+01
17	auth	0006_require_contenttypes_0002	2022-11-21 09:21:00.938634+01
18	auth	0007_alter_validators_add_error_messages	2022-11-21 09:21:00.943167+01
19	auth	0008_alter_user_username_max_length	2022-11-21 09:21:00.948067+01
20	auth	0009_alter_user_last_name_max_length	2022-11-21 09:21:00.953364+01
21	auth	0010_alter_group_name_max_length	2022-11-21 09:21:00.965326+01
22	auth	0011_update_proxy_permissions	2022-11-21 09:21:00.979088+01
23	auth	0012_alter_user_first_name_max_length	2022-11-21 09:21:00.984732+01
24	authen	0002_initial	2022-11-21 09:21:01.083015+01
25	help	0001_initial	2022-11-21 09:21:01.088203+01
26	help	0002_alter_help_lang	2022-11-21 09:21:01.092883+01
27	items	0001_initial	2022-11-21 09:21:01.140391+01
28	item	0001_initial	2022-11-21 09:21:01.173988+01
29	languages	0001_initial	2022-11-21 09:21:01.187777+01
30	languages	0002_alter_languages_words_translate_and_more	2022-11-21 09:21:01.197029+01
31	maintanance	0001_initial	2022-11-21 09:21:01.319075+01
32	message	0001_initial	2022-11-21 09:21:01.352066+01
33	message	0002_message_read	2022-11-21 09:21:01.366306+01
34	message	0003_readedmessage	2022-11-21 09:21:01.396918+01
35	message	0004_alter_readedmessage_user	2022-11-21 09:21:01.429846+01
36	related	0001_initial	2022-11-21 09:21:01.553839+01
37	reports	0001_initial	2022-11-21 09:21:01.612821+01
38	sessions	0001_initial	2022-11-21 09:21:01.624259+01
39	token_blacklist	0001_initial	2022-11-21 09:21:01.687118+01
40	token_blacklist	0002_outstandingtoken_jti_hex	2022-11-21 09:21:01.700674+01
41	token_blacklist	0003_auto_20171017_2007	2022-11-21 09:21:01.803895+01
42	token_blacklist	0004_auto_20171017_2013	2022-11-21 09:21:01.820326+01
43	token_blacklist	0005_remove_outstandingtoken_jti	2022-11-21 09:21:01.831656+01
44	token_blacklist	0006_auto_20171017_2113	2022-11-21 09:21:01.845549+01
45	token_blacklist	0007_auto_20171017_2214	2022-11-21 09:21:01.880867+01
46	token_blacklist	0008_migrate_to_bigautofield	2022-11-21 09:21:01.926665+01
47	token_blacklist	0010_fix_migrate_to_bigautofield	2022-11-21 09:21:01.953338+01
48	token_blacklist	0011_linearizes_history	2022-11-21 09:21:01.955454+01
49	token_blacklist	0012_alter_outstandingtoken_user	2022-11-21 09:21:01.976959+01
50	authen	0003_alter_user_phone_alter_user_position	2022-12-28 12:14:12.02648+01
51	help	0003_alter_help_lang	2022-12-28 12:14:12.031458+01
52	item	0002_alter_item_maintenancegroup	2022-12-28 12:14:12.047444+01
53	item	0003_alter_item_maintenancegroup_and_more	2022-12-28 12:14:12.092566+01
\.


--
-- Data for Name: django_session; Type: TABLE DATA; Schema: public; Owner: postgres
--

COPY public.django_session (session_key, session_data, expire_date) FROM stdin;
1nmi0cx8rfykvgl7u0dxhoocfu68eqvb	.eJxVjMsOwiAQRf-FtSFSHlNcuu83kGEGpGogKe3K-O_apAvd3nPOfYmA21rC1tMSZhYXocTpd4tIj1R3wHestyap1XWZo9wVedAup8bpeT3cv4OCvXzrMWtvPA-Yc2Qgi3wGMzjLVrsIAIa1zRFQZUPaWI3eErJTFEdw5LN4fwDwhDhJ:1odqdd:ZPCMc_aZPqc3wNm1t5swUONYxqzSruG8mfqkNDUVsnk	2022-10-13 12:19:29.2+02
nl5te3mn27qle158x25w7kqsa7c6rav1	.eJxVjMsOwiAQRf-FtSFAh5dL934DGRiQqoGktCvjv2uTLnR7zzn3xQJuaw3byEuYiZ2ZZKffLWJ65LYDumO7dZ56W5c58l3hBx382ik_L4f7d1Bx1G_tVLYSSaRIxXgPoIRHm3yUWtMUNbgJCVGQ0UVZg6WAsBm0FEo5m4C9P-ZHN50:1ofKFD:RQhJhsWPn06oaBX66SlGIhy_YjBKomIxdL9ikmxSfAw	2022-10-17 14:08:23.454+02
vkosq2ebfztg9s6jychv0wuoe2sk9d9x	.eJxVjMsOwiAQRf-FtSFAh5dL934DGRiQqoGktCvjv2uTLnR7zzn3xQJuaw3byEuYiZ2ZZKffLWJ65LYDumO7dZ56W5c58l3hBx382ik_L4f7d1Bx1G_tVLYSSaRIxXgPoIRHm3yUWtMUNbgJCVGQ0UVZg6WAsBm0FEo5m4C9P-ZHN50:1ofK0M:9-Adbrw96zSMEErKt7lHbHUsF3hJGJ7FSw6Qyi5ee_0	2022-10-17 13:53:02.357+02
w0grbgwi6zdqfitw642psajkxjnh3loy	.eJxVjMsOwiAQRf-FtSFAh5dL934DGRiQqoGktCvjv2uTLnR7zzn3xQJuaw3byEuYiZ2ZZKffLWJ65LYDumO7dZ56W5c58l3hBx382ik_L4f7d1Bx1G_tVLYSSaRIxXgPoIRHm3yUWtMUNbgJCVGQ0UVZg6WAsBm0FEo5m4C9P-ZHN50:1ofKnc:5XOO82c7JOuwjPOv85M3Gugi_sUMtTVm8GQKChdZXio	2022-10-17 14:43:56.055+02
yji55vsm8dcwcwknb2tw8sbz3bcwt6as	.eJxVjMsOwiAQRf-FtSFAh5dL934DGRiQqoGktCvjv2uTLnR7zzn3xQJuaw3byEuYiZ2ZZKffLWJ65LYDumO7dZ56W5c58l3hBx382ik_L4f7d1Bx1G_tVLYSSaRIxXgPoIRHm3yUWtMUNbgJCVGQ0UVZg6WAsBm0FEo5m4C9P-ZHN50:1oh91x:OCRAoLo1fpAjzhQDlmIhF31vL12YvcQZsra3Skjcy-g	2022-10-22 14:34:13.998+02
1ssphjtn4m5118v04256js315p0xu9qd	.eJxVjDsOwjAQBe_iGln-4B8lfc5geXdtHEC2FCcV4u4QKQW0b2bei8W0rTVuIy9xJnZhip1-N0j4yG0HdE_t1jn2ti4z8F3hBx186pSf18P9O6hp1G9tfRFWey2k8wWItJPBKpONV2i8C7acoTiUlnIhaQRAED5gVlYkAgT2_gDGfzfn:1pDC3c:k04DzUdgEeMVFHdiX2UPJcpiBS1AygAHkD_BPMr6CDw	2023-01-18 23:16:24.277878+01
\.


--
-- Data for Name: help_help; Type: TABLE DATA; Schema: public; Owner: postgres
--

COPY public.help_help (id, page, lang, abr) FROM stdin;
\.


--
-- Data for Name: item_item; Type: TABLE DATA; Schema: public; Owner: postgres
--

COPY public.item_item (id, code, "TypeP", "Manufacturer", "Model", "Type1", "Type2", "Type3", "Type4", "Type5", "Type1P", "Height", "Width", "Length", "GrossVolume", "NetShippingVolume", "Weightkg", "ExternalSize", "NumberOfDoors", "IsThereInsideDoor", "DoesItHaveAnAlarmSystem", "DoesItHaveAdequateShelves", "DoesItHaveCurtain", "PhysicalConditions", "TechnicalConditions", "WorkingConditions", "IsItFunctioning", "NotInUseSince", "ReasonsForNotFunctioning", "YearInstalled", "RunningTime", "RunningTimeKm", "StorageCondition", "NetVaccineStorageCapacity", "EnergySource", "FreezerNetCapacity", "IceMakingCapacity", "CoolWaterProductionCapacity", "NumberOfCoolingUnits", "WorkingTemperatureRange", "RefrigerantGas", "IsTheRefrigerantGasCFCFree", "DoesItHaveFreezingCompartment", "DoesItHaveContinuousTemperatureMonitoringDevice", "DoesItHaveBuiltInThermometer", "NumberOfCoolantPacksRequired", "CoolantPackNominalCapacity", "Voltage", "Phase", "NetGeneratedPower", "EnergySource_generator", "DoesItHaveAnExtraFuelTank", "PowerOrFuelConsumption", "IsThereAnAutomaticStartUpSystem", "FinancialSource", "UnitCostWhenInstalled", "UnitCostAtPresent", "OriginalCost", "wVSSMCode", "UNICEFCatalogueCodes", "OtherCode", "PQSPISCode", "PQSPISType", "PQSPISManufacturer", "PQSPISRefrigerantGas", "PQSPISTemperatureWorkingZone", "DoesTheDryStoreHaveAdequateLighting", "DoesTheDryStoreHaveHeating", "DoesTheDryStoreHaveAirConditioning", "IsTheDryStorageAreaProtectedFromDirectSunlight", "IsTheDryStorageArea", "IsTheDryStorageAreaClean", "IsTheDryStorageAreaDry", "IsTheDryStorageAreaEquippedWithMechanical", "SurfaceArea", "AccessibleHeight", "SerialNumber", "RepairAndMaintenanceHistory", "MaintenanceGroup", "OtherFieldsItem1", "OtherFieldsItem2", "OtherFieldsItem3", "OtherFieldsItemParameter4", "isDel", delete_reason, created_at, updated_at, facility_id, item_class_id, item_type_id) FROM stdin;
\.


--
-- Data for Name: items_itemclass; Type: TABLE DATA; Schema: public; Owner: postgres
--

COPY public.items_itemclass (id, title, code, active, created_at, updated_at) FROM stdin;
1	Cold chain  Active equipment	ACC	t	2014-10-01 02:00:00+02	2014-10-01 02:00:00+02
2	Cold chain  Passive equipment	PCC	t	2014-10-01 02:00:00+02	2014-10-01 02:00:00+02
3	Temperature monitoring devices 	TEM	t	2014-10-01 02:00:00+02	2014-10-01 02:00:00+02
4	Electrical equipment	ELC	t	2014-10-01 02:00:00+02	2014-10-01 02:00:00+02
5	Electronic devices	ELT	t	2014-10-01 02:00:00+02	2014-10-01 02:00:00+02
6	Transport means	TRN	t	2014-10-01 02:00:00+02	2014-10-01 02:00:00+02
7	Other Class 1	ICA	t	2014-10-01 02:00:00+02	2014-10-01 02:00:00+02
8	Other Class 2	ICB	t	2014-10-01 02:00:00+02	2014-10-01 02:00:00+02
9	Other Class 3	ICC	t	2014-10-01 02:00:00+02	2022-10-03 14:11:40.473+02
10	Other Class 4	ICD	t	2014-10-01 02:00:00+02	2014-10-01 02:00:00+02
\.


--
-- Data for Name: items_itemtype; Type: TABLE DATA; Schema: public; Owner: postgres
--

COPY public.items_itemtype (id, title, code, active, "havePQS", created_at, updated_at, itemclass_id) FROM stdin;
1	Cold room	WCR	t	f	\N	\N	1
2	Freezer room	WFR	t	f	\N	\N	1
3	Refrigerator	REF	t	f	\N	\N	1
4	Freezer	FRZ	t	f	\N	\N	1
5	Combined refrigerator and freezer	CRF	t	f	\N	\N	1
6	Ultra cold freezer (-70 C)	UFR	t	f	\N	\N	1
7	Icepack freezer	IFR	t	f	\N	\N	1
8	Cold box	CBX	t	f	\N	\N	2
9	Vaccine carrier	VCX	t	f	\N	\N	2
10	Thermos	TRM	t	f	\N	\N	2
11	Thermometer	THR	t	f	\N	\N	3
12	Dial thermometer	DTH	t	f	\N	\N	3
13	Remote temperature monitoring device	RTM	t	f	\N	\N	3
14	Electronic temperature monitoring device	ETM	t	f	\N	\N	3
15	Generator	GEN	t	f	\N	\N	4
16	Voltage regulator	VLR	t	f	\N	\N	4
17	Computer	COP	t	f	\N	\N	5
18	Laptop	PCS	t	f	\N	\N	5
19	Printer	PRT	t	f	\N	\N	5
20	UPS	UPS	t	f	\N	\N	5
21	Mouse	MOS	t	f	\N	\N	5
22	Car	CAR	t	f	\N	\N	6
23	Van	VAN	t	f	\N	\N	6
24	Truck	TRC	t	f	\N	\N	6
25	Animal	ANI	t	f	\N	\N	6
26	Refrigerated vehicle	RVE	t	f	\N	\N	6
27	Boat	BOT	t	f	\N	\N	6
28	Airplane	AIR	t	f	\N	\N	6
29	Dron	DRN	t	f	\N	\N	6
30	Motorcycle	MOC	t	f	\N	\N	6
31	Bicycle	BIC	t	f	\N	\N	6
\.


--
-- Data for Name: items_itemtypelevel; Type: TABLE DATA; Schema: public; Owner: postgres
--

COPY public.items_itemtypelevel ("ID", active, "itemTypeID", level_id) FROM stdin;
\.


--
-- Data for Name: items_manufacturer; Type: TABLE DATA; Schema: public; Owner: postgres
--

COPY public.items_manufacturer (id, describe, active, "order", itemclass_id) FROM stdin;
\.


--
-- Data for Name: languages_languages; Type: TABLE DATA; Schema: public; Owner: postgres
--

COPY public.languages_languages (id, name) FROM stdin;
1	en
2	ar
3	fr
4	es
5	ot
6	ru
7	uk
8	vi
\.


--
-- Data for Name: languages_languages_words; Type: TABLE DATA; Schema: public; Owner: postgres
--

COPY public.languages_languages_words (id, word, translate, language_id) FROM stdin;
22	About IGA	     (IGA)	6
24	About IGA	Gii thiu v IGA	8
23	About IGA	 IGA	7
25	Accept	Accept	1
26	Accept		2
27	Accept	Accepter	3
28	Accept	Aceptar	4
29	Accept	Other: Accept	5
30	Accept		6
32	Accept	Chp nhn	8
31	Accept		7
33	Active	Active	1
34	Active		2
35	Active	Actif	3
36	Active	Activo	4
37	Active	Other: Active	5
38	Active		6
40	Active	Hot ng	8
39	Active		7
41	Enable HR data	Enable HR data	1
42	Enable HR data	   	2
43	Enable HR data	Activer les donnes RH	3
44	Enable HR data	Habilitar Datos de Recursos Humanos	4
45	Enable HR data	Other: Enable HR data	5
46	Enable HR data	    	6
48	Enable HR data	Kch hot d liu nhn s	8
47	Enable HR data	   	7
49	Enable maintenance functions	Enable maintenance functions	1
50	Enable maintenance functions	  	2
51	Enable maintenance functions	Activerles fonctions maintenace	3
52	Enable maintenance functions	Habilitar Funciones de Mantenimiento	4
53	Enable maintenance functions	Other: Enable maintenance functions	5
54	Enable maintenance functions	   	6
56	Enable maintenance functions	Kch hot cc chc nng bo dng	8
55	Enable maintenance functions	  	7
57	Show order	Show order	1
58	Show order	 	2
59	Show order	Afficcher l'ordre	3
60	Show order	Mostrar Orden	4
61	Show order	Other: Show order	5
62	Show order	 	6
64	Show order	Hin th th t	8
63	Show order	 	7
65	Maintenance service group assignment	Maintenance service group assignment	1
66	Maintenance service group assignment	   	2
67	Maintenance service group assignment	Affiliation des groupes de service de maintenance	3
68	Maintenance service group assignment	Asignacin de Grupo de Servicio de Mantenimiento	4
69	Maintenance service group assignment	Other: Maintenance service group assignment	5
70	Maintenance service group assignment	   	6
72	Maintenance service group assignment	Phn cng nhm dch v bo dng	8
71	Maintenance service group assignment	   	7
73	Help about reports	Help about reports	1
74	Help about reports	  	2
75	Help about reports	Aide concernant les rapports	3
76	Help about reports	Ayuda Sobre Informes	4
77	Help about reports	Other: Help about reports	5
78	Help about reports	  	6
80	Help about reports	Tr gip v bo co	8
79	Help about reports	  	7
81	Add human resource	Add human resource	1
82	Add human resource	  	2
83	Add human resource	Ajout de ressource humaine	3
84	Add human resource	Agregar Recurso Humano	4
85	Add human resource	Other: Add human resource	5
86	Add human resource	  	6
88	Add human resource	Thm nhn s	8
87	Add human resource	 	7
89	Add to Plan	Add to Plan	1
90	Add to Plan	  	2
91	Add to Plan	Ajouter au plan	3
92	Add to Plan	Agregar Al Plan	4
93	Add to Plan	Other: Add to Plan	5
94	Add to Plan	  	6
96	Add to Plan	Thm vo K hoch	8
95	Add to Plan	  	7
97	Add item	Add item	1
98	Add item	 	2
99	Add item	Ajouter un article	3
100	Add item	Agregar Articulo	4
101	Add item	Other: Add item	5
102	Add item	  	6
104	Add item	Thm thit b	8
103	Add item	 	7
105	Add Sub Facility	Add Sub Facility	1
106	Add Sub Facility	  	2
107	Add Sub Facility	Ajouter un tablissement dpendant	3
108	Add Sub Facility	Agregar Sub Entornos	4
109	Add Sub Facility	Other: Add Sub Facility	5
110	Add Sub Facility	 -	6
112	Add Sub Facility	Thm c s tuyn di	8
111	Add Sub Facility	 -	7
113	Add Country	Add Country	1
114	Add Country	 	2
115	Add Country	Ajouter un pays	3
116	Add Country	Agregar Pas	4
117	Add Country	Other: Add Country	5
118	Add Country	 	6
120	Add Country	Thm Quc gia	8
119	Add Country	 	7
121	Add user	Add user	1
122	Add user	 	2
123	Add user	Ajouter un utilisateur	3
124	Add user	Agregar Usuario	4
125	Add user	Other: Add user	5
126	Add user	 	6
128	Add user	Thm ngi dng	8
127	Add user	 	7
129	English	English	1
130	English		2
131	English	Anglais	3
132	English	Espaol	4
133	English	Other: English	5
134	English		6
136	English	Ting Anh	8
135	English		7
137	Year installed	Year installed	1
138	Year installed	 	2
139	Year installed	Anne d'installation	3
140	Year installed	Ao de Instalcin	4
141	Year installed	Other: Year installed	5
142	Year installed	 	6
144	Year installed	Nm lp t thit b	8
143	Year installed	 	7
145	Total Year In This Position	Total Year In This Position	1
146	Total Year In This Position	    	2
147	Total Year In This Position	Anne totale dans ce poste	3
148	Total Year In This Position	Aos Totales En Esta Posicin	4
149	Total Year In This Position	Other: Total Year In This Position	5
150	Total Year In This Position	    	6
152	Total Year In This Position	Tng s nm lm  v tr ny	8
151	Total Year In This Position	     	7
153	Cancel	Cancel	1
154	Cancel		2
155	Cancel	Annuler	3
156	Cancel	Cancelar	4
157	Cancel	Other: Cancel	5
158	Cancel		6
160	Cancel	Hy b	8
159	Cancel		7
161	Arabic	Arabic	1
162	Arabic		2
163	Arabic	Arabe	3
164	Arabic	rabe	4
165	Arabic	Other: Arabic	5
166	Arabic		6
168	Arabic	Ting  Rp	8
167	Arabic		7
169	Items	Items	1
170	Items		2
171	Items	Articles	3
172	Items	Artculos	4
173	Items	Other: Items	5
174	Items		6
176	Items	Cc thit b	8
175	Items		7
177	Service/ Maintenance items	Service/ Maintenance items	1
178	Service/ Maintenance items	  / 	2
179	Service/ Maintenance items	Articles de service/maintenance	3
180	Service/ Maintenance items	Servicio/Articulos de Mantenimiento	4
181	Service/ Maintenance items	Other: Service/ Maintenance items	5
182	Service/ Maintenance items	/  	6
184	Service/ Maintenance items	Dch v/Bo dng	8
183	Service/ Maintenance items	 / 	7
185	Existing items	Existing items	1
186	Existing items	 	2
187	Existing items	Articles existants	3
188	Existing items	Artculos Existentes	4
189	Existing items	Other: Existing items	5
190	Existing items	  	6
192	Existing items	Cc thit b hin c	8
191	Existing items	 	7
193	Not working items	Not working items	1
194	Not working items	  	2
195	Not working items	Articles non fonctionnels	3
196	Not working items	Articulos Que No Funcionan	4
197	Not working items	Other: Not working items	5
198	Not working items	  	6
200	Not working items	Cc thit b khng hot ng	8
199	Not working items	 	7
201	Assign	Assign	1
202	Assign		2
203	Assign	Assigner	3
204	Assign	Asignados	4
205	Assign	Other: Assign	5
206	Assign		6
208	Assign	Phn cng	8
207	Assign		7
209	Assistant	Assistant	1
210	Assistant		2
211	Assistant	Assistant	3
212	Assistant	Asistente	4
213	Assistant	Other: Assistant	5
214	Assistant		6
216	Assistant	Hc tr	8
215	Assistant		7
217	No file located	No file located	1
218	No file located	   	2
219	No file located	Aucun fichier trouv	3
220	No file located	Archivo No Localizado	4
221	No file located	Other: No file located	5
222	No file located	 	6
224	No file located	Khng xc nh c v tr tp no	8
223	No file located	  	7
225	No valid entry found	No valid entry found	1
226	No valid entry found	     	2
227	No valid entry found	Aucune donne valide trouve	3
228	No valid entry found	No Se Encontr Entrada Vlida	4
229	No valid entry found	Other: No valid entry found	5
230	No valid entry found	   	6
232	No valid entry found	Khng tm thy u vo hp l	8
231	No valid entry found	   	7
233	No data was found with the desired QR code	No data was found for the desired QR code	1
234	No data was found with the desired QR code	      QR 	2
235	No data was found with the desired QR code	Aune donne trouve pour le code QR recherche	3
236	No data was found with the desired QR code	Datos No Encontrados para El Cdigo Qr Deseado	4
237	No data was found with the desired QR code	Other: No data was found for the desired QR code	5
238	No data was found with the desired QR code	     QR-	6
240	No data was found with the desired QR code	Khng tm thy d liu cho m QR mong mun	8
239	No data was found with the desired QR code	      QR -	7
241	Enable	Enable	1
242	Enable		2
243	Enable	Autoriser	3
244	Enable	Permitir	4
245	Enable	Other: Enable	5
246	Enable		6
248	Enable	Kch hot	8
247	Enable		7
249	Allowed levels	Allowed levels	1
250	Allowed levels	 	2
251	Allowed levels	Autoriser niveaux	3
252	Allowed levels	Permitir Niveles	4
253	Allowed levels	Other: Allowed levels	5
254	Allowed levels	 	6
256	Allowed levels	Cc tuyn cho php	8
255	Allowed levels	 	7
257	Other	Other	1
258	Other		2
259	Other	Autre	3
260	Other	Otro	4
261	Other	Other: Other	5
262	Other		6
264	Other	Khc	8
263	Other		7
265	Others	Others	1
266	Others		2
267	Others	Autres	3
268	Others	Otros	4
269	Others	Other: Others	5
270	Others		6
272	Others	Khc	8
271	Others		7
273	Other additional and optional fields	Other additional and optional fields	1
274	Other additional and optional fields	   	2
275	Other additional and optional fields	Autres champs additionnels et optionnels	3
276	Other additional and optional fields	Otro Campo Adicional Opcional	4
277	Other additional and optional fields	Other: Other additional and optional fields	5
278	Other additional and optional fields	    	6
280	Other additional and optional fields	Cc trng b sung v ty chn khc	8
279	Other additional and optional fields	    	7
281	Other optional fields	Other optional fields	1
282	Other optional fields	  	2
283	Other optional fields	Autres champs optionnels	3
284	Other optional fields	Otros Campos Adicionales	4
285	Other optional fields	Other: Other optional fields	5
286	Other optional fields	  	6
288	Other optional fields	Cc trng ty chn khc	8
287	Other optional fields	  	7
289	Other code	Other codes	1
290	Other code	 	2
291	Other code	Autres codes	3
292	Other code	Otros Cdigos	4
293	Other code	Other: Other codes	5
294	Other code	 	6
296	Other code	Cc m khc	8
295	Other code	 	7
297	Other services	Other services	1
298	Other services	 	2
299	Other services	Autres services	3
300	Other services	Otros Servicios	4
301	Other services	Other: Other services	5
302	Other services	 	6
304	Other services	Cc dch v khc	8
303	Other services	 	7
305	Warnings	Warnings	1
306	Warnings		2
307	Warnings	Avertissements	3
308	Warnings	Advertencias	4
309	Warnings	Other: Warnings	5
310	Warnings		6
312	Warnings	Cc cnh bo	8
311	Warnings		7
313	Warnings that need to be taken care of	Warnings that need to be taken care of	1
314	Warnings that need to be taken care of	    	2
315	Warnings that need to be taken care of	Avertissements  prendre en compte	3
316	Warnings that need to be taken care of	Advertencias Que Necesitan Tomarse En Cuenta	4
317	Warnings that need to be taken care of	Other: Warnings that need to be taken care of	5
318	Warnings that need to be taken care of	,   	6
320	Warnings that need to be taken care of	Cc cnh bo cn lu 	8
319	Warnings that need to be taken care of	,    	7
321	Cool-water pack production capacity (Kg/24 hours)	Cool-water pack production capacity (Kg/24 hours)	1
322	Cool-water pack production capacity (Kg/24 hours)	     ( / 24 )	2
323	Cool-water pack production capacity (Kg/24 hours)	Caapacit de production d'accus d'eau refroidie (kg/24heures)	3
324	Cool-water pack production capacity (Kg/24 hours)	Capacidad de Produccin de Paquetes de Agua Fra (Kg/24 Horas)	4
325	Cool-water pack production capacity (Kg/24 hours)	Other: Cool-water pack production capacity (Kg/24 hours)	5
326	Cool-water pack production capacity (Kg/24 hours)	     (/24 )	6
328	Cool-water pack production capacity (Kg/24 hours)	Cng sut sn xut bnh tch lnh (Kg/24 gi)	8
327	Cool-water pack production capacity (Kg/24 hours)	   (/24 )	7
329	Item Maintenance Logbook	Item Maintenance Logbook	1
330	Item Maintenance Logbook	  	2
331	Item Maintenance Logbook	Cahier de bord de la maintenance d'article	3
332	Item Maintenance Logbook	Libro de Registro de Mantenimiento de Artculos	4
333	Item Maintenance Logbook	Other: Item Maintenance Logbook	5
334	Item Maintenance Logbook	    	6
336	Item Maintenance Logbook	Nht k Bo dng Thit b	8
335	Item Maintenance Logbook	   	7
337	Calculate for Year:	Calculate for Year:	1
338	Calculate for Year:	 	2
339	Calculate for Year:	Calculer pour l'anne:	3
340	Calculate for Year:	Calcular Por Ao:	4
341	Calculate for Year:	Other: Calculate for Year:	5
342	Calculate for Year:	  :	6
344	Calculate for Year:	Tnh ton cho nm:	8
343	Calculate for Year:	  :	7
345	Capacity	Capacity	1
346	Capacity		2
347	Capacity	Capacit	3
348	Capacity	Capacidad de Produccin de Paquetes de Agua Fra (Kg/24 Horas)	4
349	Capacity	Other: Capacity	5
350	Capacity		6
352	Capacity	Cng sut	8
351	Capacity		7
353	Gross volume (lit.)	Gross volume (lit.)	1
354	Gross volume (lit.)	  ()	2
355	Gross volume (lit.)	Capacit brute (lit.)	3
356	Gross volume (lit.)	Volmen Grueso (Lit.)	4
357	Gross volume (lit.)	Other: Gross volume (lit.)	5
358	Gross volume (lit.)	  ()	6
360	Gross volume (lit.)	Tng th tch (lt)	8
359	Gross volume (lit.)	'  ()	7
361	Coolant pack production capacity (Kg/24 hours)	Coolant pack production capacity (Kg/24 hours)	1
362	Coolant pack production capacity (Kg/24 hours)	     ( / 24 )	2
363	Coolant pack production capacity (Kg/24 hours)	Capacit de production d'accus (kg/24heures)	3
364	Coolant pack production capacity (Kg/24 hours)	Capacidad de Produccion de Paquestes de Refrigerante (Kg/24Horas)	4
365	Coolant pack production capacity (Kg/24 hours)	Other: Coolant pack production capacity (Kg/24 hours)	5
366	Coolant pack production capacity (Kg/24 hours)	    (/24 )	6
368	Coolant pack production capacity (Kg/24 hours)	Cng sut sn xut bnh tch lnh (Kg/24 gi)	8
367	Coolant pack production capacity (Kg/24 hours)	   (/24 )	7
369	Available capacity	Available capacity	1
370	Available capacity	 	2
371	Available capacity	Capacit disponible	3
372	Available capacity	Capacidad Disponible	4
373	Available capacity	Other: Available capacity	5
374	Available capacity	 	6
376	Available capacity	Dung tch bo qun hin c	8
375	Available capacity	 	7
377	Available capacity per target population	Available capacity per target population	1
378	Available capacity per target population	    	2
379	Available capacity per target population	Capacit disponible par population cible	3
380	Available capacity per target population	Capacidad Disponible Por Poblacin Objetivo	4
381	Available capacity per target population	Other: Available capacity per target population	5
382	Available capacity per target population	    	6
384	Available capacity per target population	Dung tch bo qun hin c trn mi i tng ch	8
383	Available capacity per target population	     	7
385	Functional Capacity	Functional Capacity	1
386	Functional Capacity	 	2
387	Functional Capacity	Capacit fonctionnelle	3
388	Functional Capacity	Capacidad Funcional	4
389	Functional Capacity	Other: Functional Capacity	5
2535	Receivers		7
390	Functional Capacity	 	6
392	Functional Capacity	Dung tch bo qun hot ng	8
391	Functional Capacity	 	7
393	Shortage/Exces Capacity	Shortage/Excess Capacity	1
394	Shortage/Exces Capacity	 /  	2
395	Shortage/Exces Capacity	Capacit manquante/excdentaire	3
396	Shortage/Exces Capacity	Excases/Exceso de Capaciadad	4
397	Shortage/Exces Capacity	Other: Shortage/Excess Capacity	5
398	Shortage/Exces Capacity	/ 	6
400	Shortage/Exces Capacity	Dung tch thiu ht/d tha	8
399	Shortage/Exces Capacity	/ 	7
401	Net freeze capacity (lit.)	Net freeze capacity (lit.)	1
402	Net freeze capacity (lit.)	   ()	2
403	Net freeze capacity (lit.)	Capacit nette de conglation (lit.)	3
404	Net freeze capacity (lit.)	Capacidad Neta de Congelamiento (Lit.)	4
405	Net freeze capacity (lit.)	Other: Net freeze capacity (lit.)	5
406	Net freeze capacity (lit.)	   ()	6
408	Net freeze capacity (lit.)	Dung tch bo qun m (lt)	8
407	Net freeze capacity (lit.)	   ()	7
409	Net vaccine storage capacity (lit.)	Net vaccine storage capacity (lit.)	1
410	Net vaccine storage capacity (lit.)	    ()	2
411	Net vaccine storage capacity (lit.)	Capacit nette de stockage (lit.)	3
412	Net vaccine storage capacity (lit.)	Capaciadad Net de Almacenamiento de Vacunas	4
413	Net vaccine storage capacity (lit.)	Other: Net vaccine storage capacity (lit.)	5
414	Net vaccine storage capacity (lit.)	    ()	6
416	Net vaccine storage capacity (lit.)	Dung tch bo qun vc xin (lt)	8
415	Net vaccine storage capacity (lit.)	     ()	7
417	Coolant pack nominal capacity (lit.)	Coolant pack nominal capacity (lit.)	1
418	Coolant pack nominal capacity (lit.)	    ()	2
419	Coolant pack nominal capacity (lit.)	Capacit nominale de stockage d'accus (lit.)	3
420	Coolant pack nominal capacity (lit.)	Capacidad Nominal del Paquete de Refrigerante	4
421	Coolant pack nominal capacity (lit.)	Other: Coolant pack nominal capacity (lit.)	5
422	Coolant pack nominal capacity (lit.)	   ()	6
424	Coolant pack nominal capacity (lit.)	Dung tch bnh tch lnh (lt)	8
423	Coolant pack nominal capacity (lit.)	  ()	7
425	Required capacity	Required capacity	1
426	Required capacity	 	2
427	Required capacity	Capacit requise	3
428	Required capacity	Capacidad Requerida	4
429	Required capacity	Other: Required capacity	5
430	Required capacity	 	6
432	Required capacity	Dung tch cn thit	8
431	Required capacity	 	7
433	Require Capacity	Required Capacity	1
434	Require Capacity	 	2
435	Require Capacity	Capacit requise	3
436	Require Capacity	Capacidad Requerida	4
437	Require Capacity	Other: Required Capacity	5
438	Require Capacity	 	6
440	Require Capacity	Dung tch cn thit	8
439	Require Capacity	 	7
441	Required capacity (lit.)	Required capacity (lit.)	1
442	Required capacity (lit.)	  ()	2
443	Required capacity (lit.)	Capacit requise (lit.)	3
444	Required capacity (lit.)	Capaciada Requerida (Lit.)	4
445	Required capacity (lit.)	Other: Required capacity (lit.)	5
446	Required capacity (lit.)	  ()	6
448	Required capacity (lit.)	Dung tch cn thit (lt)	8
447	Required capacity (lit.)	  ()	7
449	Items category	Items category	1
450	Items category	 	2
451	Items category	Catgorie d'article	3
452	Items category	Tipo de Elemento	4
453	Items category	Other: Items category	5
454	Items category	  	6
456	Items category	Danh mc thit b	8
455	Items category	 	7
457	Is this field required for this item category?	Is this field required for this item category?	1
458	Is this field required for this item category?	      	2
459	Is this field required for this item category?	Ce champs est-il requis pour cette catgorie d'article?	3
460	Is this field required for this item category?	Es El Campo Requerido para El Tipo de Elemento?	4
461	Is this field required for this item category?	Other: Is this field required for this item category?	5
462	Is this field required for this item category?	       ?	6
464	Is this field required for this item category?	Trng ny c bt buc cho hng mc thit b ny khng?	8
463	Is this field required for this item category?	       ?	7
465	Freezer Room	Freezer Room	1
466	Freezer Room	 	2
467	Freezer Room	Chambre froide ngative	3
468	Freezer Room	Cuarto Congelador	4
469	Freezer Room	Other: Freezer Room	5
470	Freezer Room	 	6
472	Freezer Room	Bung lnh m	8
471	Freezer Room	 	7
473	Dry store fields	Dry store fields	1
474	Dry store fields	  	2
475	Dry store fields	Champs de magasin sec	3
476	Dry store fields	Campos para Almacenamiento Seco	4
477	Dry store fields	Other: Dry store fields	5
478	Dry store fields	 c    	6
480	Dry store fields	Kho kh	8
479	Dry store fields	,    	7
481	Electrical fields	Electrical fields	1
482	Electrical fields	 	2
483	Electrical fields	Champs Electricit	3
484	Electrical fields	Campos Elctricos	4
485	Electrical fields	Other: Electrical fields	5
486	Electrical fields	    	6
488	Electrical fields	Trng in	8
487	Electrical fields	 	7
489	Financial fields	Financial fields	1
490	Financial fields	 	2
491	Financial fields	Champs financement	3
492	Financial fields	Campos Financieros	4
493	Financial fields	Other: Financial fields	5
494	Financial fields	    	6
496	Financial fields	Ti chnh	8
495	Financial fields	 	7
497	Fields related to facilities	Fields related to facilities	1
498	Fields related to facilities	  	2
499	Fields related to facilities	Champs lis aux tablissements	3
500	Fields related to facilities	Campos Relacionados Con las Instalaciones	4
501	Fields related to facilities	Other: Fields related to facilities	5
502	Fields related to facilities	,   	6
504	Fields related to facilities	Trng lin quan n c s y t	8
503	Fields related to facilities	,   	7
505	Physical fields	Physical fields	1
506	Physical fields	 	2
507	Physical fields	Champs physiques	3
508	Physical fields	Campos Fsicos	4
509	Physical fields	Other: Physical fields	5
510	Physical fields	 	6
512	Physical fields	C s vt cht	8
511	Physical fields	 	7
513	Fields specific to cold chain equipment	Fields specific to cold chain equipment	1
514	Fields specific to cold chain equipment	    	2
515	Fields specific to cold chain equipment	Champs spcifiques aux equipements de chane du froid	3
516	Fields specific to cold chain equipment	Campos Especficos para Equipo de Cadena Fra	4
517	Fields specific to cold chain equipment	Other: Fields specific to cold chain equipment	5
518	Fields specific to cold chain equipment	,    	6
520	Fields specific to cold chain equipment	Thit b dy chuyn lnh	8
519	Fields specific to cold chain equipment	,     	7
521	Country changed successfully	Country changed successfully	1
522	Country changed successfully	   	2
523	Country changed successfully	Changement de pays avec succs	3
524	Country changed successfully	Pas Cambiado Con xito	4
525	Country changed successfully	Other: Country changed successfully	5
526	Country changed successfully	  	6
528	Country changed successfully	Thay i Quc gia thnh cng	8
527	Country changed successfully	 	7
529	Country changed unsuccessfully	Country changed unsuccessfully	1
530	Country changed unsuccessfully	    	2
531	Country changed unsuccessfully	Changement de pays sans succs	3
532	Country changed unsuccessfully	Pas Cambiado Sin xito	4
533	Country changed unsuccessfully	Other: Country changed unsuccessfully	5
534	Country changed unsuccessfully	    	6
536	Country changed unsuccessfully	Thay i Quc gia khng thnh cng	8
535	Country changed unsuccessfully	  	7
537	Load	Load	1
538	Load		2
539	Load	Charger	3
540	Load	Carga	4
541	Load	Other: Load	5
542	Load		6
544	Load	Ti	8
543	Load		7
545	Search	Search	1
546	Search		2
547	Search	Chercher	3
548	Search	Bsqueda	4
549	Search	Other: Search	5
550	Search		6
552	Search	Tm kim	8
551	Search		7
553	Chinese	Chinese	1
554	Chinese		2
555	Chinese	Chinois	3
556	Chinese	Chino	4
557	Chinese	Other: Chinese	5
558	Chinese		6
560	Chinese	Ting Trung Quc	8
559	Chinese		7
561	Item class	Item class	1
562	Item class	 	2
563	Item class	Classe d'article	3
564	Item class	Clase de Elemento	4
565	Item class	Other: Item class	5
566	Item class	  	6
568	Item class	Loi thit b	8
567	Item class	 	7
569	Clause	Clause	1
570	Clause		2
571	Clause	Clause	3
572	Clause	Clusula	4
573	Clause	Other: Clause	5
574	Clause		6
576	Clause	iu khon	8
575	Clause		7
577	Climate	Climate	1
578	Climate		2
579	Climate	Climat	3
580	Climate	Clima	4
581	Climate	Other: Climate	5
582	Climate		6
584	Climate	Kh hu	8
583	Climate		7
585	Code	Code	1
586	Code		2
587	Code	Code	3
588	Code	Cdigo	4
589	Code	Other: Code	5
590	Code		6
592	Code	M	8
591	Code		7
593	Item code	Item code	1
594	Item code	 	2
595	Item code	Code article	3
596	Item code	Cdigo de Artculo	4
597	Item code	Other: Item code	5
598	Item code	 	6
600	Item code	M thit b	8
599	Item code	 	7
601	Facility code	Facility code	1
602	Facility code	 	2
603	Facility code	Code tablissement	3
604	Facility code	Cdigo de Instalacin	4
605	Facility code	Other: Facility code	5
606	Facility code	 	6
608	Facility code	M c s	8
607	Facility code	 	7
609	County code	County code	1
610	County code	 	2
611	County code	Code pays	3
612	County code	Cdigo de Pas	4
613	County code	Other: County code	5
614	County code	 	6
616	County code	M Quc gia	8
615	County code	 	7
617	PQS/PIS Code	PQS/PIS Code	1
618	PQS/PIS Code	 PQS / PIS	2
619	PQS/PIS Code	Code PQS/PIS	3
620	PQS/PIS Code	Cdigo Pqs/Pis	4
621	PQS/PIS Code	Other: PQS/PIS Code	5
622	PQS/PIS Code	 PQS/PIS	6
624	PQS/PIS Code	M PQS/PIS	8
623	PQS/PIS Code	 PQS/PIS	7
625	QR Code	QR Code	1
626	QR Code	   QR	2
627	QR Code	Code QR	3
628	QR Code	Cdigo Qr	4
629	QR Code	Other: QR Code	5
630	QR Code	QR-	6
632	QR Code	M QR	8
631	QR Code	QR 	7
633	Item QRs	Item QRs	1
634	Item QRs	QRs 	2
635	Item QRs	Code QR d'article	3
636	Item QRs	Artculos Qrs	4
637	Item QRs	Other: Item QRs	5
638	Item QRs	QR- 	6
640	Item QRs	Cc QR ca thit b	8
639	Item QRs	QR 	7
641	complete form correctly	complete form correctly	1
642	complete form correctly	   	2
643	complete form correctly	Complter le formulaire correctement	3
644	complete form correctly	Completar Formulario Correctamente	4
645	complete form correctly	Other: complete form correctly	5
646	complete form correctly	  	6
648	complete form correctly	hon thnh biu mu chnh xc	8
647	complete form correctly	  	7
649	Count	Count	1
650	Count		2
651	Count	Compter	3
652	Count	Contar/Cuenta	4
653	Count	Other: Count	5
654	Count		6
656	Count	S lng	8
655	Count		7
657	Storage Condition For Planning	Storage Condition For Planning	1
658	Storage Condition For Planning	  	2
659	Storage Condition For Planning	Condition de stockage pour la planification	3
660	Storage Condition For Planning	Condicin de Almacenamiento para la Planeacin	4
661	Storage Condition For Planning	Other: Storage Condition For Planning	5
662	Storage Condition For Planning	   	6
664	Storage Condition For Planning	iu kin bo qun  lp k hoch	8
663	Storage Condition For Planning	   	7
665	Condition fields	Condition fields	1
666	Condition fields	 	2
667	Condition fields	Condition des champs	3
668	Condition fields	Campos de Condicin	4
669	Condition fields	Other: Condition fields	5
670	Condition fields	    	6
672	Condition fields	Trng iu kin	8
671	Condition fields	,   	7
673	Working condition	Working conditions	1
674	Working condition	 	2
675	Working condition	Conditions de fonctionnement	3
676	Working condition	Condiciones de Trabajo	4
677	Working condition	Other: Working conditions	5
678	Working condition	 	6
680	Working condition	iu kin hot ng	8
679	Working condition	 	7
681	Working conditions	Working conditions	1
682	Working conditions	 	2
683	Working conditions	Conditions de fonctionnement	3
684	Working conditions	Condiciones de Trabajo	4
685	Working conditions	Other: Working conditions	5
686	Working conditions	 	6
688	Working conditions	Cc iu kin hot ng	8
687	Working conditions	 	7
689	Storage conditions	Storage conditions	1
690	Storage conditions	 	2
691	Storage conditions	Conditions de stockage	3
692	Storage conditions	Condiciones de Almacenamiento	4
693	Storage conditions	Other: Storage conditions	5
694	Storage conditions	 	6
696	Storage conditions	Cc iu kin bo qun	8
695	Storage conditions	 	7
697	Facility physical conditions	Facility physical conditions	1
698	Facility physical conditions	  	2
699	Facility physical conditions	Conditions phyques de l'tablissement	3
700	Facility physical conditions	Condiciones Fisicas de las Instalaciones	4
701	Facility physical conditions	Other: Facility physical conditions	5
702	Facility physical conditions	  	6
704	Facility physical conditions	Cc iu kin c s vt cht ca c s	8
703	Facility physical conditions	  	7
705	Physical condition	Physical conditions	1
706	Physical condition	 	2
707	Physical condition	Conditions physiques	3
708	Physical condition	Condiciones Fsicas	4
709	Physical condition	Other: Physical conditions	5
710	Physical condition	 	6
712	Physical condition	Cc iu kin c s vt cht	8
711	Physical condition	 	7
713	Physical conditions	Physical conditions	1
714	Physical conditions	 	2
715	Physical conditions	Conditions physiques	3
716	Physical conditions	Condiciones Fsicas	4
717	Physical conditions	Other: Physical conditions	5
718	Physical conditions	 	6
720	Physical conditions	Cc iu kin c s vt cht	8
719	Physical conditions	 	7
721	Technical conditions	Technical conditions:	1
722	Technical conditions	 	2
723	Technical conditions	Conditions techniques:	3
724	Technical conditions	Condiciones Tcnicas	4
725	Technical conditions	Other: Technical conditions:	5
726	Technical conditions	 	6
728	Technical conditions	Cc iu kin k thut	8
727	Technical conditions	 :	7
729	Confirm Password	Confirm password	1
730	Confirm Password	  	2
731	Confirm Password	Confirmer mot de passe	3
732	Confirm Password	Confirmar Contrasea	4
733	Confirm Password	Other: Confirm password	5
734	Confirm Password	 	6
736	Confirm Password	Xc nhn mt khu	8
735	Confirm Password	 	7
737	Freezer	Freezer	1
738	Freezer		2
739	Freezer	Conglateur	3
740	Freezer	Congelador	4
741	Freezer	Other: Freezer	5
742	Freezer		6
744	Freezer	T m	8
743	Freezer		7
745	Login Successfull	Login Successfull	1
746	Login Successfull	   	2
747	Login Successfull	Connexion avec succs	3
748	Login Successfull	Inicio de Sesin Exitosa	4
749	Login Successfull	Other: Login Successfull	5
750	Login Successfull	   	6
752	Login Successfull	ng nhp thnh cng	8
751	Login Successfull	 	7
753	Original cost	Original cost	1
754	Original cost	 	2
755	Original cost	Cot initial	3
756	Original cost	Costo Original	4
757	Original cost	Other: Original cost	5
758	Original cost	 	6
760	Original cost	Chi ph ban u	8
759	Original cost	 	7
761	Created successfully	Created successfully	1
762	Created successfully	  	2
763	Created successfully	Cration effectue avec susss	3
764	Created successfully	Creado Con xtio	4
765	Created successfully	Other: Created successfully	5
766	Created successfully	 	6
768	Created successfully	 to thnh cng	8
767	Created successfully	 	7
769	Date	Date	1
770	Date		2
771	Date	Date	3
772	Date	Fecha	4
773	Date	Other: Date	5
774	Date		6
776	Date	Ngy	8
775	Date		7
777	Deadline	Deadline	1
778	Deadline	 	2
779	Deadline	Date limite	3
780	Deadline	Fecha Limite	4
781	Deadline	Other: Deadline	5
782	Deadline	 	6
784	Deadline	Hn cui	8
783	Deadline	 	7
785	from	from	1
786	from		2
787	from	de	3
788	from	De	4
789	from	Other: from	5
790	from	/	6
792	from	t	8
791	from		7
793	Last change on	Last change on	1
794	Last change on	  	2
795	Last change on	Dernier changements effectu le	3
796	Last change on	ltimo Cambio	4
797	Last change on	Other: Last change on	5
798	Last change on	 	6
800	Last change on	Thay i ln cui vo	8
799	Last change on	  	7
801	Last Changed on	Last changed on	1
802	Last Changed on	  	2
803	Last Changed on	Dernier changements effectu le	3
804	Last Changed on	ltimo Cambio	4
805	Last Changed on	Other: Last changed on	5
806	Last Changed on	  	6
808	Last Changed on	 thay i ln cui vo	8
807	Last Changed on	  	7
809	Last Update	Last Update	1
810	Last Update	 	2
811	Last Update	Dernire mise  jour	3
812	Last Update	ltima Actualizacin	4
813	Last Update	Other: Last Update	5
814	Last Update	 	6
816	Last Update	Cp nht ln cui	8
815	Last Update	 	7
817	Description	Description	1
818	Description		2
819	Description	Description	3
820	Description	Descripcin	4
821	Description	Other: Description	5
822	Description		6
824	Description	M t	8
823	Description		7
825	Parameter description	Parameter description	1
826	Parameter description	 	2
827	Parameter description	Description du paramtre	3
828	Parameter description	Descripcin de Parmetros	4
829	Parameter description	Other: Parameter description	5
830	Parameter description	 	6
832	Parameter description	M t thng s	8
831	Parameter description	 	7
833	SORRY	SORRY	1
834	SORRY		2
835	SORRY	DESOLE	3
836	SORRY	Perdn	4
837	SORRY	Other: SORRY	5
838	SORRY		6
840	SORRY	XIN LI	8
839	SORRY		7
841	The difference between current available capacity and required capacity per target population	The difference between current available capacity and required capacity per target population	1
842	The difference between current available capacity and required capacity per target population	           	2
843	The difference between current available capacity and required capacity per target population	Diffrence entre capacit actuelle disponible et capacit requise par population cible	3
844	The difference between current available capacity and required capacity per target population	Diferencia Entre la Capacidad Actual Disponible Y la Capacidad Requerida Por Poblacin Objetivo.	4
845	The difference between current available capacity and required capacity per target population	Other: The difference between current available capacity and required capacity per target population	5
846	The difference between current available capacity and required capacity per target population	          	6
848	The difference between current available capacity and required capacity per target population	Chnh lch gia dung tch hin c v dung tch cn thit trn nhm dn s mc tiu	8
847	The difference between current available capacity and required capacity per target population	          	7
849	The difference between available capacity and required capacity per target population	The difference between available capacity and required capacity per target population	1
850	The difference between available capacity and required capacity per target population	          	2
851	The difference between available capacity and required capacity per target population	Diffrence entre capacit disponible et capacit requise par population cible	3
852	The difference between available capacity and required capacity per target population	Diferencia Entre la Capacidad Actual Disponible Y la Capacidad Requerida Por Poblacin Objetivo.	4
853	The difference between available capacity and required capacity per target population	Other: The difference between available capacity and required capacity per target population	5
854	The difference between available capacity and required capacity per target population	         	6
856	The difference between available capacity and required capacity per target population	Chnh lch gia dung tch hin ti v dung tch cn thit trn nhm dn s mc tiu	8
855	The difference between available capacity and required capacity per target population	         	7
857	Different codes	Different codes	1
858	Different codes	 	2
859	Different codes	Diffrents codes	3
860	Different codes	Cdigos Diferentes	4
861	Different codes	Other: Different codes	5
862	Different codes	 	6
864	Different codes	Cc m khc nhau	8
863	Different codes	 	7
865	Sub-facility populations data	Sub-facility populations data	1
866	Sub-facility populations data	   	2
867	Sub-facility populations data	Donnes de population des tablissements dpedants	3
868	Sub-facility populations data	Datos de Poblacin de Sub Entorno	4
869	Sub-facility populations data	Other: Sub-facility populations data	5
870	Sub-facility populations data	    	6
872	Sub-facility populations data	D liu dn s ca tuyn di	8
871	Sub-facility populations data	 -   	7
873	Login Failed	Login Failed	1
874	Login Failed	  	2
875	Login Failed	Echec de la connexion	3
876	Login Failed	Error En Inicio de Sesin	4
877	Login Failed	Other: Login Failed	5
878	Login Failed	    	6
880	Login Failed	ng nhp tht bi	8
879	Login Failed	  	7
881	Clear	Clear	1
882	Clear		2
883	Clear	Effacer	3
884	Clear	Vaciar	4
885	Clear	Other: Clear	5
886	Clear		6
888	Clear	Xa	8
887	Clear		7
889	Clear Filter	Clear filters	1
890	Clear Filter	 	2
891	Clear Filter	Effacer les filtres	3
892	Clear Filter	Limpiar Filtros	4
893	Clear Filter	Other: Clear filters	5
894	Clear Filter	 	6
896	Clear Filter	Xa cc b lc	8
895	Clear Filter	 	7
897	Main location	Main location	1
898	Main location	 	2
899	Main location	Emplacement principal	3
900	Main location	Ubicacin Principal	4
901	Main location	Other: Main location	5
902	Main location	 	6
904	Main location	a im chnh	8
903	Main location	 	7
905	Sent	Sent	1
906	Sent		2
907	Sent	Envoy(e)	3
908	Sent	Enviado	4
909	Sent	Other: Sent	5
910	Sent		6
912	Sent	 gi	8
911	Sent		7
913	Send	Send	1
914	Send		2
915	Send	Envoyer	3
916	Send	Enviar	4
917	Send	Other: Send	5
918	Send		6
920	Send	Gi	8
919	Send		7
921	Send message	Send message	1
922	Send message	 	2
923	Send message	Envoyer un message	3
924	Send message	Enviar Mensaje	4
925	Send message	Other: Send message	5
926	Send message	 	6
928	Send message	Gi tin nhn	8
927	Send message	 	7
929	Spanish	Spanish	1
930	Spanish		2
931	Spanish	Espagnole	3
932	Spanish	Espaol	4
933	Spanish	Other: Spanish	5
934	Spanish		6
936	Spanish	Ting Ty Ban Nha	8
935	Spanish		7
937	Is functioning	Is functioning	1
938	Is functioning		2
939	Is functioning	Est en tat de fonctionnement	3
940	Is functioning	Est Funcionando	4
941	Is functioning	Other: Is functioning	5
942	Is functioning		6
944	Is functioning	ang hot ng	8
943	Is functioning		7
945	Is this required for facility?	Is this required for facility?	1
946	Is this required for facility?	   	2
947	Is this required for facility?	Est-ce ceci est requis pour un tablissement?	3
948	Is this required for facility?	Es esto Necesario para los Entornos?	4
949	Is this required for facility?	Other: Is this required for facility?	5
950	Is this required for facility?	    ?	6
952	Is this required for facility?	iu ny c bt buc cho c s khng?	8
951	Is this required for facility?	   ?	7
953	Facility	Facility	1
954	Facility		2
955	Facility	Etablissement	3
956	Facility	Instalaciones	4
957	Facility	Other: Facility	5
958	Facility		6
960	Facility	C s y t	8
959	Facility		7
961	Sub facilities registered	Sub facilities registered	1
962	Sub facilities registered	  	2
963	Sub facilities registered	Etablissement dpendants enregistrs	3
964	Sub facilities registered	Sub entornos Registradas	4
965	Sub facilities registered	Other: Sub facilities registered	5
966	Sub facilities registered	  	6
968	Sub facilities registered	 ng k c s y t tuyn di	8
967	Sub facilities registered	 -	7
969	Parent facility	Parent facility	1
970	Parent facility	 	2
971	Parent facility	Etablissement parent	3
972	Parent facility	Entorno Padre	4
973	Parent facility	Other: Parent facility	5
974	Parent facility	RU: Parent facility	6
976	Parent facility	C s tuyn trn	8
975	Parent facility	 	7
977	Facility parent	Facility parent	1
978	Facility parent	 	2
979	Facility parent	Etablissement parent	3
980	Facility parent	Padre del entornos	4
981	Facility parent	Other: Facility parent	5
982	Facility parent	RU: Facility parent	6
984	Facility parent	C s tuyn trn	8
983	Facility parent	 	7
985	Main facility	Main facility	1
986	Main facility	 	2
987	Main facility	Etablissement principal	3
988	Main facility	Entorno Principal	4
989	Main facility	Other: Main facility	5
990	Main facility	 	6
992	Main facility	C s chnh	8
991	Main facility	 	7
993	Facilities	Facilities	1
994	Facilities		2
995	Facilities	Etablissements	3
996	Facilities	Entornos	4
997	Facilities	Other: Facilities	5
998	Facilities		6
1000	Facilities	Cc c s	8
999	Facilities		7
1001	Sub Facilities	Sub-facilities	1
1002	Sub Facilities	 	2
1003	Sub Facilities	Etablissements dpendants	3
1004	Sub Facilities	Sub-entornos	4
1005	Sub Facilities	Other: Sub-facilities	5
1006	Sub Facilities	 	6
1008	Sub Facilities	Cc c s tuyn di	8
1007	Sub Facilities		7
1009	Facilities owned separated by levels	Facilities owned separated by levels	1
1010	Facilities owned separated by levels	   	2
1011	Facilities owned separated by levels	Etablissements dpendants rpartis par niveau	3
1012	Facilities owned separated by levels	Entornos propietarios Separados por Niveles	4
1013	Facilities owned separated by levels	Other: Facilities owned separated by levels	5
1014	Facilities owned separated by levels	    	6
1016	Facilities owned separated by levels	Cc c s ca tng tuyn	8
1015	Facilities owned separated by levels	,    ,  	7
1017	Functioning Status	Functioning status	1
1018	Functioning Status	 	2
1019	Functioning Status	Etat de fonctionnement	3
1020	Functioning Status	Estado de Funcionamiento	4
1021	Functioning Status	Other: Functioning status	5
1022	Functioning Status	 	6
1024	Functioning Status	Trng thi ang hot ng	8
1023	Functioning Status	 	7
1025	Working status	Working status	1
1026	Working status	 	2
1027	Working status	Etat de fonctionnement	3
1028	Working status	Estado de Trabajo	4
1029	Working status	Other: Working status	5
1030	Working status	 	6
1032	Working status	Trng thi ang lm vic	8
1031	Working status	 	7
1033	State/ Province	State/ Province	1
1034	State/ Province	 / 	2
1035	State/ Province	Etat/Province	3
1036	State/ Province	Estado/Provincia	4
1037	State/ Province	Other: State/ Province	5
1038	State/ Province	/	6
1040	State/ Province	Tnh	8
1039	State/ Province		7
1217	General	General	1
1041	Excess/ Shortage (lit.)	Excess/ Shortage (lit.)	1
1042	Excess/ Shortage (lit.)	 /  ()	2
1043	Excess/ Shortage (lit.)	Excdent/gap (lit.)	3
1044	Excess/ Shortage (lit.)	Exceso/ Escases (Lit.)	4
1045	Excess/ Shortage (lit.)	Other: Excess/ Shortage (lit.)	5
1046	Excess/ Shortage (lit.)	/ ()	6
1048	Excess/ Shortage (lit.)	D tha/ Thiu ht (lt)	8
1047	Excess/ Shortage (lit.)	 /  ()	7
1049	Export Items	Export Items	1
1050	Export Items	 	2
1051	Export Items	Exporter les articles	3
1052	Export Items	Artculos de Exportacin	4
1053	Export Items	Other: Export Items	5
1054	Export Items	   	6
1056	Export Items	Xut d liu cc thit b	8
1055	Export Items	 	7
1057	Export bulk data to two MS Excel files separately; 1) for all data related to all facilities, 2) for all data related to all items (equipment). Once you click on any or both of them, one or two MS Excel files will be generated by the application and you can find them in the Download folder of your PC.	Export bulk data to two MS Excel files separately; 1) for all data related to all facilities, 2) for all data related to all items (equipment). Once you click on any or both of them, one or two MS Excel files will be generated by the application and you can find them in the Download folder of your PC.	1
1058	Export bulk data to two MS Excel files separately; 1) for all data related to all facilities, 2) for all data related to all items (equipment). Once you click on any or both of them, one or two MS Excel files will be generated by the application and you can find them in the Download folder of your PC.	     MS Excel    1)       2)      ().              MS Excel            .	2
1059	Export bulk data to two MS Excel files separately; 1) for all data related to all facilities, 2) for all data related to all items (equipment). Once you click on any or both of them, one or two MS Excel files will be generated by the application and you can find them in the Download folder of your PC.	Exporter les donnes brtes dans 02 fichiers Excel spars; 1) toutes les donnes des tablissements, 2) toutes les donnes des articles (equipement). Une fois que vous cliquez n'importe lequel ou les deux, un ou dex fichiers Excel seront gnrs par l'application et vous les trouverez dans le rpertoire Tlchargement de votre ordinateur.	3
1060	Export bulk data to two MS Excel files separately; 1) for all data related to all facilities, 2) for all data related to all items (equipment). Once you click on any or both of them, one or two MS Excel files will be generated by the application and you can find them in the Download folder of your PC.	Exportar Datos Masivos a Dos Archivos Ms Excel Por Separado; 1) para Todos Los Datos Relacionados de todos los Entornos; 2) para todos Los Datos Relacionados de todos los Artculos (Equipo). Una vez que haga Click en ambos, Uno o Dos Ms Excel archivos sern generados por la Aplicacin Y Usted Podr Encontrarlos en el Folder de Descargas de su Pc.	4
1061	Export bulk data to two MS Excel files separately; 1) for all data related to all facilities, 2) for all data related to all items (equipment). Once you click on any or both of them, one or two MS Excel files will be generated by the application and you can find them in the Download folder of your PC.	Other: Export bulk data to two MS Excel files separately; 1) for all data related to all facilities, 2) for all data related to all items (equipment). Once you click on any or both of them, one or two MS Excel files will be generated by the application and you can find them in the Download folder of your PC.	5
1062	Export bulk data to two MS Excel files separately; 1) for all data related to all facilities, 2) for all data related to all items (equipment). Once you click on any or both of them, one or two MS Excel files will be generated by the application and you can find them in the Download folder of your PC.	     MS Excel  ; 1)   ,    ; 2)   ,     ().  ,       ,       MS Excel,           .	6
1064	Export bulk data to two MS Excel files separately; 1) for all data related to all facilities, 2) for all data related to all items (equipment). Once you click on any or both of them, one or two MS Excel files will be generated by the application and you can find them in the Download folder of your PC.	Xut d liu sang hai tp MS Excel ring bit; 1) i vi tt c d liu lin quan n tt c c s, 2) i vi tt c d liu lin quan n tt c cc thit b. Ngay khi bn nhp vo bt k tp no hoc c hai tp, mt hoc c hai tp MS Excel s c to ra bng ng dng v bn c th tm thy cc tp  th mc Ti v trong my tnh c nhn ca bn.	8
1063	Export bulk data to two MS Excel files separately; 1) for all data related to all facilities, 2) for all data related to all items (equipment). Once you click on any or both of them, one or two MS Excel files will be generated by the application and you can find them in the Download folder of your PC.	      S Excel : 1)  ,    , 2)  ,     ().    -     ,     S Excel               .	7
1065	Export bulk data of facilities and all types of equipment to MS Excel files	Export bulk data of facilities and all types of equipment to MS Excel files	1
1066	Export bulk data of facilities and all types of equipment to MS Excel files	         MS Excel	2
1067	Export bulk data of facilities and all types of equipment to MS Excel files	Exporter les donnes brtes des tablissements et de tous les equipement dans Excel	3
1068	Export bulk data of facilities and all types of equipment to MS Excel files	Exportar Datos Masivos de los Entornos Y Todo Tipos de Equipo en Archivos de Ms Excel	4
1069	Export bulk data of facilities and all types of equipment to MS Excel files	Other: Export bulk data of facilities and all types of equipment to MS Excel files	5
1070	Export bulk data of facilities and all types of equipment to MS Excel files	         MS Excel 	6
1072	Export bulk data of facilities and all types of equipment to MS Excel files	Xut d liu ca cc c s v tt c cc loi thit b vo tp MS Excel	8
1071	Export bulk data of facilities and all types of equipment to MS Excel files	           S Excel	7
1073	Export Facilities	Export Facilities	1
1074	Export Facilities	 	2
1075	Export Facilities	Exporter les tablissements	3
1076	Export Facilities	Exportar Entornos	4
1077	Export Facilities	Other: Export Facilities	5
1078	Export Facilities	   	6
1080	Export Facilities	Xut d liu cc c s	8
1079	Export Facilities	 	7
1081	Export all data to MS Excel	Export all data to MS Excel	1
1082	Export all data to MS Excel	    MS Excel	2
1083	Export all data to MS Excel	Exporter toutes les donnes dans Excel	3
1084	Export all data to MS Excel	Exportar todos los Datos A Ms Excel	4
1085	Export all data to MS Excel	Other: Export all data to MS Excel	5
1086	Export all data to MS Excel	    MS Excel 	6
1088	Export all data to MS Excel	Xut tt c d liu vo tp MS Excel	8
1087	Export all data to MS Excel	    S Excel	7
1089	Manufacturer	Manufacturer	1
1090	Manufacturer	 	2
1091	Manufacturer	Fabricant	3
1092	Manufacturer	Fabricante	4
1093	Manufacturer	Other: Manufacturer	5
1094	Manufacturer		6
1096	Manufacturer	Nh sn xut	8
1095	Manufacturer		7
1097	Manufacturers by item class	Manufacturers by item class	1
1098	Manufacturers by item class	    	2
1099	Manufacturers by item class	Fabricants par Classe Article	3
1100	Manufacturers by item class	Fabricante Por Clase de Elemento	4
1101	Manufacturers by item class	Other: Manufacturers by item class	5
1102	Manufacturers by item class	   	6
1104	Manufacturers by item class	Nh sn xut theo loi thit b	8
1103	Manufacturers by item class	   	7
1105	Done	Done	1
1106	Done		2
1107	Done	Fait	3
1108	Done	Terminado	4
1109	Done	Other: Done	5
1110	Done		6
1112	Done	 hon thnh	8
1111	Done		7
1113	female	female	1
1114	female		2
1115	female	fminin	3
1116	female	Femenino	4
1117	female	Other: female	5
1118	female		6
1120	female	n	8
1119	female		7
1121	Excel file	Excel file	1
1122	Excel file	 	2
1123	Excel file	Fichier Excel	3
1124	Excel file	Archivo de Excel	4
1125	Excel file	Other: Excel file	5
1126	Excel file	MS Excel 	6
1128	Excel file	tp Excel	8
1127	Excel file	 Excel	7
1129	Imported file is not valid	Imported file is not valid	1
1130	Imported file is not valid	   	2
1131	Imported file is not valid	Fichier import non valide	3
1132	Imported file is not valid	Archivo Importado No Es Vlido	4
1133	Imported file is not valid	Other: Imported file is not valid	5
1134	Imported file is not valid	  	6
1136	Imported file is not valid	Tp  nhp khng hp l	8
1135	Imported file is not valid	  	7
1137	Filter	Filter	1
1138	Filter		2
1139	Filter	Filtrer	3
1140	Filter	Flitro	4
1141	Filter	Other: Filter	5
1142	Filter		6
1144	Filter	B lc	8
1143	Filter		7
1145	Item class Filter to list categories	Item class filter to list categories	1
1146	Item class Filter to list categories	     	2
1147	Item class Filter to list categories	Filtrer la classe d'articles pour lister les catgories	3
1148	Item class Filter to list categories	Flitro de Clase de Artculo para Enumerar Categoras	4
1149	Item class Filter to list categories	Other: Item class filter to list categories	5
1150	Item class Filter to list categories	     	6
1152	Item class Filter to list categories	Lc loi thit b  lp danh sch danh mc	8
1151	Item class Filter to list categories	      	7
1153	Financial	Financial	1
1154	Financial		2
1155	Financial	Financier(ire)	3
1156	Financial	Finaciera	4
1157	Financial	Other: Financial	5
1158	Financial		6
1160	Financial	Ti chnh	8
1159	Financial		7
1161	Working	Working	1
1162	Working		2
1163	Working	Fonctionne	3
1164	Working	Trabajando	4
1165	Working	Other: Working	5
1166	Working		6
1168	Working	ang lm vic	8
1167	Working		7
1169	Provided	Provided	1
1170	Provided		2
1171	Provided	Fourni(e)	3
1172	Provided	Previsto	4
1173	Provided	Other: Provided	5
1174	Provided		6
1176	Provided	 cung cp	8
1175	Provided		7
1177	Enter new item category	Enter new item category	1
1178	Enter new item category	   	2
1179	Enter new item category	FR: Enter new item category	3
1180	Enter new item category	Ingresar Nueva Categora de Artculo	4
1181	Enter new item category	Other: Enter new item category	5
1182	Enter new item category	   	6
1184	Enter new item category	Nhp danh mc thit b mi	8
1183	Enter new item category	   	7
1185	Is it from PQS/PIS list?	Is it from PQS/PIS list?	1
1186	Is it from PQS/PIS list?	     PQS / PIS	2
1187	Is it from PQS/PIS list?	FR: Is it from PQS/PIS list?	3
1188	Is it from PQS/PIS list?	Es de la Lista Pqs/Pis?	4
1189	Is it from PQS/PIS list?	Other: Is it from PQS/PIS list?	5
1190	Is it from PQS/PIS list?	   PQS/PIS?	6
1192	Is it from PQS/PIS list?	T danh sch PQS/PIS?	8
1191	Is it from PQS/PIS list?	    PQS/PIS?	7
1193	Item categories in different levels	Item categories in different levels	1
1194	Item categories in different levels	    	2
1195	Item categories in different levels	FR: Item categories in different levels	3
1196	Item categories in different levels	Categora de Artculos En Diferentes Niveles	4
1197	Item categories in different levels	Other: Item categories in different levels	5
1198	Item categories in different levels	    	6
1200	Item categories in different levels	Danh mc thit b  cc tuyn khc nhau	8
1199	Item categories in different levels	    	7
1201	French	French	1
1202	French		2
1203	French	Franais	3
1204	French	Francs	4
1205	French	Other: French	5
1206	French		6
1208	French	Ting Php	8
1207	French		7
1209	Refrigerant gas	Refrigerant gas	1
1210	Refrigerant gas	 	2
1211	Refrigerant gas	Gaz rfrigrant	3
1212	Refrigerant gas	Gas Refrigerante	4
1213	Refrigerant gas	Other: Refrigerant gas	5
1214	Refrigerant gas	 	6
1216	Refrigerant gas	Mi cht lnh	8
1215	Refrigerant gas		7
1218	General		2
1219	General	Gnral	3
1220	General	General	4
1221	General	Other: General	5
1222	General		6
1224	General	Chung	8
1223	General		7
1225	Gender	Gender	1
1226	Gender	 	2
1227	Gender	Genre	3
1228	Gender	Gnero	4
1229	Gender	Other: Gender	5
1230	Gender		6
1232	Gender	Gii	8
1231	Gender		7
1233	Manage HELP	Manage HELP	1
1234	Manage HELP	 	2
1235	Manage HELP	Grer Aide	3
1236	Manage HELP	Administrar Ayuda	4
1237	Manage HELP	Other: Manage HELP	5
1238	Manage HELP	 	6
1240	Manage HELP	Qun l TR GIP	8
1239	Manage HELP		7
1241	Manage Items	Manage items	1
1242	Manage Items	 	2
1243	Manage Items	Grer les articles	3
1244	Manage Items	Administrar Artculos	4
1245	Manage Items	Other: Manage items	5
1246	Manage Items	 	6
1248	Manage Items	Qun l thit b	8
1247	Manage Items	 	7
1249	Manage Facilities	Manage facilities	1
1250	Manage Facilities	 	2
1251	Manage Facilities	Grer les tablissements	3
1252	Manage Facilities	Administrar Entornos	4
1253	Manage Facilities	Other: Manage facilities	5
1254	Manage Facilities	 	6
1256	Manage Facilities	Qun l cc c s	8
1255	Manage Facilities	 	7
1257	Manage Users	Manage users	1
1258	Manage Users	 	2
1259	Manage Users	Grer les utilisateurs	3
1260	Manage Users	Administrar Usuarios	4
1261	Manage Users	Other: Manage users	5
1262	Manage Users	 	6
1264	Manage Users	Qun l ngi dng	8
1263	Manage Users	 	7
1265	Cold Box	Cold Box	1
1266	Cold Box	 	2
1267	Cold Box	Glacire	3
1268	Cold Box	Caja Fra	4
1269	Cold Box	Other: Cold Box	5
1270	Cold Box		6
1272	Cold Box	Hm lnh	8
1271	Cold Box		7
1273	Maintenance group	Maintenance group	1
1274	Maintenance group	 	2
1275	Maintenance group	Groupe de maintenance	3
1276	Maintenance group	Mantenimiento de Grupo	4
1277	Maintenance group	Other: Maintenance group	5
1278	Maintenance group	    	6
1280	Maintenance group	Nhm bo dng	8
1279	Maintenance group	  	7
1281	Energy source for generators	Energy source for generators	1
1282	Energy source for generators	  	2
1283	Energy source for generators	Groupes lectrognes	3
1284	Energy source for generators	Fiente de Energa para Generadores	4
1285	Energy source for generators	Other: Energy source for generators	5
1286	Energy source for generators	   	6
1288	Energy source for generators	Ngun nng lng cho my pht in	8
1287	Energy source for generators	   	7
1289	Admin Guide	Admin Guide	1
1290	Admin Guide	 	2
1291	Admin Guide	Guide de l'Administrateur	3
1292	Admin Guide	Manual de Administrador	4
1293	Admin Guide	Other: Admin Guide	5
1294	Admin Guide	 	6
1296	Admin Guide	Hng dn Qun tr vin	8
1295	Admin Guide	 	7
1297	Height (cm)	Height (cm)	1
1298	Height (cm)	 ()	2
1299	Height (cm)	Hauteur (cm)	3
1300	Height (cm)	Altura (Cm)	4
1301	Height (cm)	Other: Height (cm)	5
1302	Height (cm)	 ()	6
1304	Height (cm)	 cao (cm)	8
1303	Height (cm)	 ()	7
1305	There is a problem sending data	There is a problem sending data	1
1306	There is a problem sending data	    	2
1307	There is a problem sending data	Il y a un problme d'envoi des donnes	3
1308	There is a problem sending data	Hay Problemas En El Envo de Datos	4
1309	There is a problem sending data	Other: There is a problem sending data	5
1310	There is a problem sending data	    	6
1312	There is a problem sending data	Gp vn  khi gi d liu	8
1311	There is a problem sending data	    	7
1313	There is a problem loading data	There is a problem loading data	1
1314	There is a problem loading data	    	2
1315	There is a problem loading data	Il y a un problme de chargement des donnes	3
1316	There is a problem loading data	Hay Problemas En Cargar Datos	4
1317	There is a problem loading data	Other: There is a problem loading data	5
1318	There is a problem loading data	    	6
1320	There is a problem loading data	Gp vn  khi ti d liu	8
1319	There is a problem loading data	    	7
1321	Import from assistance tool	Import from assistant tool	1
1322	Import from assistance tool	   	2
1323	Import from assistance tool	Importer  partir de l'Outil Assistant	3
1324	Import from assistance tool	Importar Desde la Herramienta de Ayuda	4
1325	Import from assistance tool	Other: Import from assistant tool	5
1326	Import from assistance tool	   	6
1328	Import from assistance tool	Nhp t cng c tr gip	8
1327	Import from assistance tool	   	7
1329	Import from Assistant Tool (in MS Excel)	Import from Assistant Tool (in MS Excel)	1
1330	Import from Assistant Tool (in MS Excel)	    ( MS Excel)	2
1331	Import from Assistant Tool (in MS Excel)	Importer de l'Outil Assistant (Excel)	3
1332	Import from Assistant Tool (in MS Excel)	Importar Desde la Herramienta de Ayuda (En Ms Excel)	4
1333	Import from Assistant Tool (in MS Excel)	Other: Import from Assistant Tool (in MS Excel)	5
1334	Import from Assistant Tool (in MS Excel)	    (MS Excel )	6
1336	Import from Assistant Tool (in MS Excel)	Nhp t Cng c Tr gip (trong MS Excel)	8
1335	Import from Assistant Tool (in MS Excel)	   Assistant ( MS Excel)	7
1337	Import PQS/PIS 003 and view	Import PQS/PIS 003 and view	1
1338	Import PQS/PIS 003 and view	 PQS/PIS 003 	2
1339	Import PQS/PIS 003 and view	Importer et visualiser la liste PQS/PIS 003	3
1340	Import PQS/PIS 003 and view	Importar Pqs / Pis 003 Y Ver	4
1341	Import PQS/PIS 003 and view	Other: Import PQS/PIS 003 and view	5
1342	Import PQS/PIS 003 and view	 PQS/PIS 003  	6
1344	Import PQS/PIS 003 and view	Nhp PQS/PIS 003 v xem	8
1343	Import PQS/PIS 003 and view	 PQS/PIS 003  	7
1345	Import PQS/PIS 004 and view	Import PQS/PIS 004 and view	1
1346	Import PQS/PIS 004 and view	 PQS / PIS 004 	2
1347	Import PQS/PIS 004 and view	Importer et visualiser la liste PQS/PIS 004	3
1348	Import PQS/PIS 004 and view	Importar Pqs / Pis 004 Y Ver	4
1349	Import PQS/PIS 004 and view	Other: Import PQS/PIS 004 and view	5
1350	Import PQS/PIS 004 and view	 PQS/PIS 004  	6
1352	Import PQS/PIS 004 and view	Nhp PQS/PIS 004 v xem	8
1351	Import PQS/PIS 004 and view	 PQS/PIS 004  	7
1353	Import PQS/PIS 003	Import PQS/PIS 003	1
1354	Import PQS/PIS 003	   PQS /PIS E003	2
1355	Import PQS/PIS 003	Importer la liste PQS/PIS 003	3
1356	Import PQS/PIS 003	Importar Pqs E03	4
1357	Import PQS/PIS 003	Other: Import PQS/PIS 003	5
1358	Import PQS/PIS 003	 PQS/PIS 003	6
1360	Import PQS/PIS 003	Nhp PQS/PIS 003	8
1359	Import PQS/PIS 003	 PQS/PIS 003	7
1361	Import PQS/PIS 004	Import PQS/PIS 004	1
1362	Import PQS/PIS 004	   PQS PIS E004	2
1363	Import PQS/PIS 004	Importer la liste PQS/PIS 004	3
1364	Import PQS/PIS 004	Importar Pqs E04	4
1365	Import PQS/PIS 004	Other: Import PQS/PIS 004	5
1366	Import PQS/PIS 004	 PQS/PIS 004  	6
1368	Import PQS/PIS 004	Nhp PQS/PIS 004	8
1367	Import PQS/PIS 004	 PQS/PIS 004	7
1369	Import levels capacity data	Import levels capacity data	1
1370	Import levels capacity data	   	2
1371	Import levels capacity data	Importer les dones de capacit par niveau	3
1372	Import levels capacity data	Datos de Capacidad de Niveles de Importacin	4
1373	Import levels capacity data	Other: Import levels capacity data	5
1374	Import levels capacity data	    	6
1376	Import levels capacity data	Nhp d liu v cng sut cc mc	8
1375	Import levels capacity data	     	7
1377	Import Facilities with MS Excel	Import Facilities from MS Excel	1
1378	Import Facilities with MS Excel	   MS Excel	2
1379	Import Facilities with MS Excel	Importer les tablissements  partir de Excel	3
1380	Import Facilities with MS Excel	Importar Entornos desde un archivo de Ms Excel	4
1381	Import Facilities with MS Excel	Other: Import Facilities from MS Excel	5
1382	Import Facilities with MS Excel	     MS Excel	6
1384	Import Facilities with MS Excel	Nhp Cc c s t MS Excel	8
1383	Import Facilities with MS Excel	   MS Excel	7
1385	Import facility	Import facility	1
1386	Import facility	 	2
1387	Import facility	Importer un tablissement	3
1388	Import facility	Importar Entornos	4
1389	Import facility	Other: Import facility	5
1390	Import facility	   	6
1392	Import facility	Nhp c s	8
1391	Import facility	 	7
1393	Print	Print	1
1394	Print		2
1395	Print	Imprimer	3
1396	Print	Imprimir	4
1397	Print	Other: Print	5
1398	Print		6
1400	Print	In	8
1399	Print		7
1401	Print new item form	Print new item form	1
1402	Print new item form	   	2
1403	Print new item form	Imprimer un formulaire d'article	3
1404	Print new item form	Imprimir Formulario de Nuevo Artculo	4
1405	Print new item form	Other: Print new item form	5
1406	Print new item form	    	6
1408	Print new item form	In biu mu cho thit b mi	8
1407	Print new item form	   	7
1409	Print new facility form	Print new facility form	1
1410	Print new facility form	   	2
1411	Print new facility form	Imprimer un formulaire d'tablissement	3
1412	Print new facility form	Imprimir nuevo Formulario del Entorno	4
1413	Print new facility form	Other: Print new facility form	5
1414	Print new facility form	    	6
1416	Print new facility form	In biu mu cho c s mi	8
1415	Print new facility form	   	7
1417	Nurse	Nurse	1
1418	Nurse		2
1419	Nurse	Infirmier(re)	3
1420	Nurse	Enfermera	4
1421	Nurse	Other: Nurse	5
1422	Nurse		6
1424	Nurse	Y t	8
1423	Nurse		7
1425	Items information	Items information	1
1426	Items information	 	2
1427	Items information	Information de l'article	3
1428	Items information	Informacin de Artculos	4
1429	Items information	Other: Items information	5
1430	Items information	  	6
1432	Items information	Thng tin cc thit b	8
1431	Items information	  	7
1433	Facility information	Facility information	1
1434	Facility information	 	2
1435	Facility information	Information de l'tablissement	3
1436	Facility information	Informacin de Entornos	4
1437	Facility information	Other: Facility information	5
1438	Facility information	  	6
1440	Facility information	Thng tin cc c s	8
1439	Facility information	  	7
1441	Human resources information by facility	Human resources information by facility	1
1442	Human resources information by facility	    	2
1443	Human resources information by facility	Information des ressources humaines par tablissement	3
1444	Human resources information by facility	Informacin de Recursos Humanos en el Entorno	4
1445	Human resources information by facility	Other: Human resources information by facility	5
1446	Human resources information by facility	     	6
1448	Human resources information by facility	Thng tin nhn s theo c s	8
1447	Human resources information by facility	    	7
1449	Facility general information	Facility general information	1
1450	Facility general information	   	2
1451	Facility general information	Information gnrale de l'tablissement	3
1452	Facility general information	Informacin General del Entorno	4
1453	Facility general information	Other: Facility general information	5
1454	Facility general information	   	6
1456	Facility general information	Thng tin chung v c s	8
1455	Facility general information	   	7
1457	Information about services provided	Information about services provided	1
1458	Information about services provided	   	2
1459	Information about services provided	Information sur les prestations fournies	3
1460	Information about services provided	Informacin Acerca de Los Servicios Prestados	4
1461	Information about services provided	Other: Information about services provided	5
1462	Information about services provided	   	6
1464	Information about services provided	Thng tin v dch v cung cp	8
1463	Information about services provided	  ,  	7
1465	Human resource information	Human resource information	1
1466	Human resource information	  	2
1467	Human resource information	Information sur les ressources humaines	3
1468	Human resource information	Informacin de Recursos Humanos	4
1469	Human resource information	Other: Human resource information	5
1470	Human resource information	   	6
1472	Human resource information	Thng tin nhn s	8
1471	Human resource information	  	7
1473	Human resources information	Human resources information	1
1474	Human resources information	  	2
1475	Human resources information	Information sur les ressources humaines	3
1476	Human resources information	Informacin de Recursos Humanos	4
1477	Human resources information	Other: Human resources information	5
1478	Human resources information	   	6
1480	Human resources information	Thng tin cc nhn s	8
1479	Human resources information	  	7
1481	Users information	Users information	1
1482	Users information	 	2
1483	Users information	Information utilisateur	3
1484	Users information	Informacin de Usuarios	4
1485	Users information	Other: Users information	5
1486	Users information	  	6
1488	Users information	Thng tin ngi dng	8
1487	Users information	  	7
1489	Programme general information	Programme general information	1
1490	Programme general information	   	2
1491	Programme general information	Informations gnrales du programme	3
1492	Programme general information	Informacin General del Programa	4
1493	Programme general information	Other: Programme general information	5
1494	Programme general information	   	6
1496	Programme general information	Thng tin chung v chng trnh	8
1495	Programme general information	   	7
1497	Registered	Registered	1
1498	Registered		2
1499	Registered	Inscrit(e)	3
1500	Registered	Registrado	4
1501	Registered	Other: Registered	5
1502	Registered		6
1504	Registered	 ng k	8
1503	Registered		7
1505	Insert translation	Insert translation	1
1506	Insert translation	 	2
1507	Insert translation	Insrer la traduction	3
1508	Insert translation	Insertar Traduccin	4
1509	Insert translation	Other: Insert translation	5
1510	Insert translation	 	6
1512	Insert translation	Chn bn dch	8
1511	Insert translation	 	7
1513	Insert PQS excel file	Insert PQS excel file	1
1514	Insert PQS excel file	  PQS excel	2
1515	Insert PQS excel file	Insrer le fichier PQS	3
1516	Insert PQS excel file	Insertar Archivo Excel Pqs	4
1517	Insert PQS excel file	Other: Insert PQS excel file	5
1518	Insert PQS excel file	 PQS MS Excel 	6
1520	Insert PQS excel file	Chn tp excel PQS	8
1519	Insert PQS excel file	  Excel PQS	7
1521	Insert manufacturer	Insert manufacturer	1
1522	Insert manufacturer	  	2
1523	Insert manufacturer	Insrer un fabricant	3
1524	Insert manufacturer	Insertar Fabricante	4
1525	Insert manufacturer	Other: Insert manufacturer	5
1526	Insert manufacturer	 	6
1528	Insert manufacturer	Chn nh sn xut	8
1527	Insert manufacturer	 	7
1529	Interval for locations	Interval for locations	1
1530	Interval for locations	  	2
1531	Interval for locations	Intervalle pour les emplacements	3
1532	Interval for locations	Intervalos para Ubicaciones	4
1533	Interval for locations	Other: Interval for locations	5
1534	Interval for locations	  	6
1536	Interval for locations	Khong thi gian gia cc a im	8
1535	Interval for locations	  	7
1537	Service intervals (days)	Service intervals (days)	1
1538	Service intervals (days)	  ()	2
1539	Service intervals (days)	Intervalles de service (jours)	3
1540	Service intervals (days)	Intervalo de Servicions (Das)	4
1541	Service intervals (days)	Other: Service intervals (days)	5
1542	Service intervals (days)	   ()	6
1544	Service intervals (days)	Khong thi gian gia cc ln bo dng (ngy)	8
1543	Service intervals (days)	  ()	7
1545	Service interval	Service intervals (days)	1
1546	Service interval	  ()	2
1547	Service interval	Intervalles de service (jours)	3
1548	Service interval	Intervalo de Servicions (Das)	4
1549	Service interval	Other: Service intervals (days)	5
1550	Service interval	   ()	6
1552	Service interval	Khong thi gian gia cc ln bo dng	8
1551	Service interval	  ()	7
1553	Inventory and Gap Analysis	Inventory and Gap Analysis	1
1554	Inventory and Gap Analysis	  	2
1555	Inventory and Gap Analysis	Inventaire et Analyse de Gap	3
1556	Inventory and Gap Analysis	Sistema de Inventario Y Anlisis de Brechas	4
1557	Inventory and Gap Analysis	Other: Inventory and Gap Analysis	5
1558	Inventory and Gap Analysis	   	6
1560	Inventory and Gap Analysis	Kim k v phn tch khong trng	8
1559	Inventory and Gap Analysis	   	7
1561	The difference between available capacity and required capacity	The difference between available capacity and required capacity	1
1562	The difference between available capacity and required capacity	     	2
1563	The difference between available capacity and required capacity	La diffrence entre capacit disponible et capacit requise	3
1564	The difference between available capacity and required capacity	Diferecia Entre Capacidad Disponible Y Capacidad Requerida	4
1565	The difference between available capacity and required capacity	Other: The difference between available capacity and required capacity	5
1566	The difference between available capacity and required capacity	      	6
1568	The difference between available capacity and required capacity	Chnh lch gia dung tch hin c v dung tch cn thit	8
1567	The difference between available capacity and required capacity	     	7
1569	Language	Language	1
1570	Language		2
1571	Language	Langue	3
1572	Language	Idioma	4
1573	Language	Other: Language	5
1574	Language		6
1576	Language	Ngn ng	8
1575	Language		7
1577	Maximum sub facilityies has been reached	Maximum sub facilityies has been reached	1
2049	Subject	Subject	1
2537	Search QR code	Search for QR code	1
1578	Maximum sub facilityies has been reached	       	2
1579	Maximum sub facilityies has been reached	Le maximun d'tablissents dpendants est atteint	3
1580	Maximum sub facilityies has been reached	Mximo de Subinstalacions Que Han Sido Alcanzadas	4
1581	Maximum sub facilityies has been reached	Other: Maximum sub facilityies has been reached	5
1582	Maximum sub facilityies has been reached	   ,   	6
1584	Maximum sub facilityies has been reached	S c s tuyn di  t ti a  t	8
1583	Maximum sub facilityies has been reached	   -	7
1585	Rows per page	Rows per page	1
1586	Rows per page	  	2
1587	Rows per page	Lignes par page	3
1588	Rows per page	Filas Por Pgina	4
1589	Rows per page	Other: Rows per page	5
1590	Rows per page	  	6
1592	Rows per page	S dng trn mi trang	8
1591	Rows per page	  	7
1593	Level list	Level list	1
1594	Level list	 	2
1595	Level list	List des niveaux	3
1596	Level list	Lista de Niveles	4
1597	Level list	Other: Level list	5
1598	Level list	 	6
1600	Level list	Danh sch tuyn	8
1599	Level list	 	7
1601	Item list	Item list	1
1602	Item list	  	2
1603	Item list	Liste d'articles	3
1604	Item list	Lista de Elementos	4
1605	Item list	Other: Item list	5
1606	Item list	 	6
1608	Item list	Danh sch thit b	8
1607	Item list	 	7
1609	Item class list	Item class list	1
1610	Item class list	  	2
1611	Item class list	Liste de classe d'articles	3
1612	Item class list	Lista de Clases de Artculos	4
1613	Item class list	Other: Item class list	5
1614	Item class list	  	6
1616	Item class list	Danh sch loi thit b	8
1615	Item class list	  	7
1617	List of all sub-facilities	List of all sub facilities	1
1618	List of all sub-facilities	   	2
1619	List of all sub-facilities	Liste de tous les tablissements dpendants	3
1620	List of all sub-facilities	Lista de Todas las Subinstalaciones	4
1621	List of all sub-facilities	Other: List of all sub facilities	5
1622	List of all sub-facilities	   	6
1624	List of all sub-facilities	Danh sch tt c cc c s tuyn di	8
1623	List of all sub-facilities	  -	7
1625	Messages list	Message list	1
1626	Messages list	 	2
1627	Messages list	Liste des messages	3
1628	Messages list	Lista de Mensajes	4
1629	Messages list	Other: Message list	5
1630	Messages list	 	6
1632	Messages list	Danh sch tin nhn	8
1631	Messages list	 	7
1633	Human resources list	Human resources list	1
1634	Human resources list	  	2
1635	Human resources list	Liste des ressources humaines	3
1636	Human resources list	Lista de Recurso Humanos	4
1637	Human resources list	Other: Human resources list	5
1638	Human resources list	  	6
1640	Human resources list	Danh sch nhn s	8
1639	Human resources list	 	7
1641	Facility list	Facility list	1
1642	Facility list	 	2
1643	Facility list	Liste tablissement	3
1644	Facility list	Cdigo del Establecimiento	4
1645	Facility list	Other: Facility list	5
1646	Facility list	 	6
1648	Facility list	Danh sch c s	8
1647	Facility list	 	7
1649	Users list	Users list	1
1650	Users list	 	2
1651	Users list	Listes des utilisateurs	3
1652	Users list	Lista de Usuarios	4
1653	Users list	Other: Users list	5
1654	Users list	 	6
1656	Users list	Danh sch ngi dng	8
1655	Users list	 	7
1657	Logo 1: jpg.jpeg.png, aspect ration 16:4	Logo 1: jpg.jpeg.png, aspect ration 16:4	1
1658	Logo 1: jpg.jpeg.png, aspect ration 16:4	 1: jpg.jpeg.png    16:4	2
1659	Logo 1: jpg.jpeg.png, aspect ration 16:4	Logo 1: jpg.jpeg.png, aspect ration 16:4	3
1660	Logo 1: jpg.jpeg.png, aspect ration 16:4	Logo 1: Jpg;Jpeg;Png, Relacin de Tamao 16:4	4
1661	Logo 1: jpg.jpeg.png, aspect ration 16:4	Other: Logo 1: jpg.jpeg.png, aspect ration 16:4	5
1662	Logo 1: jpg.jpeg.png, aspect ration 16:4	 1: jpg.jpeg.png,   16:4	6
1664	Logo 1: jpg.jpeg.png, aspect ration 16:4	Logo 1: jpg.jpeg.png, t l khung hnh 16:4	8
2538	Search QR code	   QR	2
3458	Choose file	 	2
1663	Logo 1: jpg.jpeg.png, aspect ration 16:4	 1: jpg.jpeg.png,   16:4	7
1665	Logo 2: jpg.jpeg.png, aspect ration 1:1	Logo 2: jpg.jpeg.png, aspect ration 1:1	1
1666	Logo 2: jpg.jpeg.png, aspect ration 1:1	 2: jpg.jpeg.png    1 : 1	2
1667	Logo 2: jpg.jpeg.png, aspect ration 1:1	Logo 2: jpg.jpeg.png, aspect ration 1:1	3
1668	Logo 2: jpg.jpeg.png, aspect ration 1:1	Logo 2; Jpg,Jpeg,Png, Realcin de Tamao 1:1	4
1669	Logo 2: jpg.jpeg.png, aspect ration 1:1	Other: Logo 2: jpg.jpeg.png, aspect ration 1:1	5
1670	Logo 2: jpg.jpeg.png, aspect ration 1:1	 2: jpg.jpeg.png,   1:1	6
1672	Logo 2: jpg.jpeg.png, aspect ration 1:1	Logo 2: jpg.jpeg.png, t l khung hnh 1:1	8
1671	Logo 2: jpg.jpeg.png, aspect ration 1:1	 2: jpg.jpeg.png,   1:1	7
1673	Length (cm)	Length (cm)	1
1674	Length (cm)	 ()	2
1675	Length (cm)	Longuer (cm)	3
1676	Length (cm)	Largo (Cm)	4
1677	Length (cm)	Other: Length (cm)	5
1678	Length (cm)	 ()	6
1680	Length (cm)	 di (cm)	8
1679	Length (cm)	 ()	7
1681	Dry store	Dry store	1
1682	Dry store	 	2
1683	Dry store	Magasin sec	3
1684	Dry store	Almacn Seco	4
1685	Dry store	Other: Dry store	5
1686	Dry store	 	6
1688	Dry store	Kho kh	8
1687	Dry store	 	7
1689	Mark as done	Mark as done	1
1690	Mark as done	  	2
1691	Mark as done	Marquer comme fait	3
1692	Mark as done	Marcar Como Terminado	4
1693	Mark as done	Other: Mark as done	5
1694	Mark as done	  	6
1696	Mark as done	nh du  hon thnh	8
1695	Mark as done	 	7
1697	male	male	1
1698	male		2
1699	male	masculin	3
1700	male	Masculino	4
1701	male	Other: male	5
1702	male		6
1704	male	nam	8
1703	male		7
1705	Maximum	Maximum	1
1706	Maximum	 	2
1707	Maximum	Maximum	3
1708	Maximum	Mximo	4
1709	Maximum	Other: Maximum	5
1710	Maximum		6
1712	Maximum	Ti a	8
1711	Maximum		7
1713	Messages	Messages	1
1714	Messages		2
1715	Messages	Messages	3
1716	Messages	Mensajes	4
1717	Messages	Other: Messages	5
1718	Messages		6
1720	Messages	Tin nhn	8
1719	Messages		7
1721	Messages information	Messages information	1
1722	Messages information	 	2
1723	Messages information	Messages d'information	3
1724	Messages information	Informacin de Mensajes	4
1725	Messages information	Other: Messages information	5
1726	Messages information	 	6
1728	Messages information	Thng tin tin nhn	8
1727	Messages information	  	7
1729	Received or sent messages	Received or sent messages	1
1730	Received or sent messages	   	2
1731	Received or sent messages	Messages reus ou envoys	3
1732	Received or sent messages	Mensajes Recibidos O Enviados	4
1733	Received or sent messages	Other: Received or sent messages	5
1734	Received or sent messages	   	6
1736	Received or sent messages	 nhn hoc gi tin nhn	8
1735	Received or sent messages	   	7
1737	Minimum	Minimum	1
1738	Minimum	 	2
1739	Minimum	Minimum	3
1740	Minimum	Mnimo	4
1741	Minimum	Other: Minimum	5
1742	Minimum		6
1744	Minimum	Ti thiu	8
1743	Minimum		7
1745	Mode of receiving supplies	Mode of receiving supplies	1
1746	Mode of receiving supplies	  	2
1747	Mode of receiving supplies	Mode d'approvisionnement en intrants	3
1748	Mode of receiving supplies	Modo de Recibir Suministros	4
1749	Mode of receiving supplies	Other: Mode of receiving supplies	5
1750	Mode of receiving supplies	  	6
1752	Mode of receiving supplies	Phng thc nhn vt t	8
1751	Mode of receiving supplies	  	7
1753	Mode of transportation	Mode of transportation	1
1754	Mode of transportation	 	2
1755	Mode of transportation	Mode de transport	3
1756	Mode of transportation	Modo de Transporte	4
1757	Mode of transportation	Other: Mode of transportation	5
1758	Mode of transportation	 	6
1760	Mode of transportation	Phng thc vn chuyn	8
1759	Mode of transportation	 	7
1761	Model	Model	1
1762	Model		2
1763	Model	Modle	3
1764	Model	Modelo	4
1765	Model	Other: Model	5
1766	Model		6
1768	Model	Model	8
1767	Model		7
1769	Edit	Edit	1
1770	Edit		2
1771	Edit	Modifier	3
1772	Edit	Editar	4
1773	Edit	Other: Edit	5
1774	Edit		6
1776	Edit	Sa	8
1775	Edit		7
1777	Edit language	Edit language	1
1778	Edit language	 	2
1779	Edit language	Modifier langues	3
1780	Edit language	Editar Los Idiomas	4
1781	Edit language	Other: Edit language	5
1782	Edit language	 	6
1784	Edit language	Sa ngn ng	8
1783	Edit language	 	7
1785	Under_1	Under_1	1
1786	Under_1	 1 	2
1787	Under_1	Moins d'un an	3
1788	Under_1	Abajo_1	4
1789	Under_1	Other: Under_1	5
1790	Under_1	_1	6
1792	Under_1	Di_1	8
1791	Under_1	  1 	7
1793	Under 1	Under-1	1
1794	Under 1	 1 	2
1795	Under 1	moins d'un an	3
1796	Under 1	Abajo-1	4
1797	Under 1	Other: Under-1	5
1798	Under 1	-1	6
1800	Under 1	Di 1	8
1799	Under 1	 1	7
1801	Currency	Currency	1
1802	Currency		2
1803	Currency	Monnaie	3
1804	Currency	Moneda	4
1805	Currency	Other: Currency	5
1806	Currency		6
1808	Currency	n v tin t	8
1807	Currency		7
1809	Password	Password	1
1810	Password	 	2
1811	Password	Mot de passe	3
1812	Password	Contrasea	4
1813	Password	Other: Password	5
1814	Password		6
1816	Password	Mt khu	8
1815	Password		7
1817	Password is required	Password is required	1
1818	Password is required	  	2
1819	Password is required	Mot de passe requis	3
1820	Password is required	Contrasea Requerida	4
1821	Password is required	Other: Password is required	5
1822	Password is required	 	6
1824	Password is required	Yu cu mt khu	8
1823	Password is required	 	7
1825	ID Number	National ID number	1
1826	ID Number	  	2
1827	ID Number	N identification national	3
1828	ID Number	Nmero de Id Nacional	4
1829	ID Number	Other: National ID number	5
1830	ID Number	  ID	6
1832	ID Number	ID quc gia	8
1831	ID Number	   	7
1833	Browse	Browse	1
1834	Browse		2
1835	Browse	Naviguer sur	3
1836	Browse	Navegar	4
1837	Browse	Other: Browse	5
1838	Browse		6
1840	Browse	Tm	8
1839	Browse		7
1841	Not working	Not working	1
1842	Not working	 	2
1843	Not working	Ne fonctionne pas	3
1844	Not working	No Funciona	4
1845	Not working	Other: Not working	5
1846	Not working	 	6
1848	Not working	Khng lm vic	8
1847	Not working	 	7
1849	Levels	Levels	1
1850	Levels		2
1851	Levels	Niveau	3
1852	Levels	Niveles	4
1853	Levels	Other: Levels	5
1854	Levels		6
1856	Levels	Cc tuyn cho php	8
1855	Levels		7
1857	Level	Level	1
1858	Level		2
1859	Level	Niveau	3
1860	Level	Nivel	4
1861	Level	Other: Level	5
1862	Level		6
1864	Level	Tuyn	8
1863	Level		7
1865	HR Education Levels	HR education levels	1
1866	HR Education Levels	   	2
1867	HR Education Levels	Niveau de formation	3
1868	HR Education Levels	Niveles de Educacin Rh	4
1869	HR Education Levels	Other: HR education levels	5
1870	HR Education Levels	   	6
1872	HR Education Levels	Trnh  hc vn ca nhn s	8
1871	HR Education Levels	  	7
1873	Name	Name	1
1874	Name		2
1875	Name	Nom	3
1876	Name	Nombre	4
1877	Name	Other: Name	5
1878	Name		6
1880	Name	Tn	8
1879	Name		7
1881	Field name	Field name	1
1882	Field name	 	2
1883	Field name	Nom de champs	3
1884	Field name	Nombre del Campo	4
1885	Field name	Other: Field name	5
1886	Field name	 	6
1888	Field name	Tn trng	8
1887	Field name	 	7
1889	Facility Name	Facility name	1
1890	Facility Name	 	2
1891	Facility Name	Nom de l'tablissement	3
1892	Facility Name	Nombre del Entorno	4
1893	Facility Name	Other: Facility name	5
1894	Facility Name		6
1896	Facility Name	Tn c s	8
1895	Facility Name	 	7
1897	Service/ Maintenance Name	Service/ Maintenance Name	1
1898	Service/ Maintenance Name	  / 	2
1899	Service/ Maintenance Name	Nom de service/maintenance	3
1900	Service/ Maintenance Name	Servicio/Nombre de Mantenimiento	4
1901	Service/ Maintenance Name	Other: Service/ Maintenance Name	5
1902	Service/ Maintenance Name	 / 	6
1904	Service/ Maintenance Name	Tn dch v/ hot ng bo dng	8
1903	Service/ Maintenance Name	 /  	7
1905	Level Name	Level name	1
1906	Level Name	 	2
1907	Level Name	Nom du niveau	3
1908	Level Name	Nomber del Nivel	4
1909	Level Name	Other: Level name	5
1910	Level Name	 	6
1912	Level Name	Tn tuyn	8
1911	Level Name	 	7
1913	Username	Username	1
1914	Username	 	2
1915	Username	Nom utilisateur	3
1916	Username	Nomber de Usuario	4
1917	Username	Other: Username	5
1918	Username	 	6
1920	Username	Tn ngi dng	8
1919	Username		7
1921	not performed on time	No completed on time	1
1922	not performed on time	    	2
1923	not performed on time	Nombre complt  temps	3
1924	not performed on time	No Se Complet A Tiempo	4
1925	not performed on time	Other: No completed on time	5
1926	not performed on time	   	6
1928	not performed on time	Khng hon thnh ng hn	8
1927	not performed on time	  	7
1929	Number of under-one children	Number of under-one children	1
1930	Number of under-one children	    	2
1931	Number of under-one children	Nombre d'enfant de moins d'un an	3
1932	Number of under-one children	Nmero de Nios Menores de Un Ao	4
1933	Number of under-one children	Other: Number of under-one children	5
1934	Number of under-one children	     1 	6
1936	Number of under-one children	S tr em di mt tui	8
1935	Number of under-one children	    1 	7
1937	Number of lower level facilities served by this facility:	Number of lower level facilities served by this facility:	1
1938	Number of lower level facilities served by this facility:	       :	2
1939	Number of lower level facilities served by this facility:	Nombre d'tablissements du niveau infrieur desservis par cet tablissement:	3
1940	Number of lower level facilities served by this facility:	Numero de Entornos de Nivele Inferiores Atendidas por este Entorno	4
1941	Number of lower level facilities served by this facility:	Other: Number of lower level facilities served by this facility:	5
1942	Number of lower level facilities served by this facility:	  ,    	6
1944	Number of lower level facilities served by this facility:	S c s tuyn di m c s ny phc v:	8
1943	Number of lower level facilities served by this facility:	   ,    :	7
1945	Number of lower level facility	Number of lower level facilities served by this facilities:	1
1946	Number of lower level facility	       :	2
1947	Number of lower level facility	Nombre d'tablissements du niveau infrieur desservis par cet tablissement:	3
1948	Number of lower level facility	Numero de Instalaciones de Nivel Inferior Atendidas por estas Instalaciones	4
1949	Number of lower level facility	Other: Number of lower level facilities served by this facilities:	5
1950	Number of lower level facility	  ,    	6
1952	Number of lower level facility	Tuyn di	8
1951	Number of lower level facility	 '  ,    :	7
1953	Number of Defined sub-level facilities	Number of defined sub-level facilities	1
1954	Number of Defined sub-level facilities	   	2
1955	Number of Defined sub-level facilities	Nombre des tablissements du niveau infrieur	3
1956	Number of Defined sub-level facilities	Nmero de Entornos de Sub nivel Definidas	4
1957	Number of Defined sub-level facilities	Other: Number of defined sub-level facilities	5
1958	Number of Defined sub-level facilities	   	6
1960	Number of Defined sub-level facilities	S c s tuyn di c xc nh	8
1959	Number of Defined sub-level facilities	   	7
1961	Full Name	Full name	1
1962	Full Name	 	2
1963	Full Name	Noms et prnoms	3
1964	Full Name	Nomber Completo	4
1965	Full Name	Other: Full name	5
1966	Full Name	 	6
1968	Full Name	H tn	8
1967	Full Name	 	7
1969	Level names	Level names	1
1970	Level names	 	2
1971	Level names	Nonm Niveau	3
1972	Level names	Nombres de Nivel	4
1973	Level names	Other: Level names	5
1974	Level names	 	6
1976	Level names	Tn cc tuyn	8
1975	Level names	 	7
1977	Notifications	Notifications	1
1978	Notifications		2
1979	Notifications	Notifications	3
1980	Notifications	Notificaciones	4
1981	Notifications	Other: Notifications	5
1982	Notifications		6
1984	Notifications	Thng bo	8
1983	Notifications		7
1985	New maintenance group	New maintenance group	1
1986	New maintenance group	  	2
1987	New maintenance group	Nouveau Groupe de Maintenance	3
1988	New maintenance group	Nuevo Grupo de Mantenimiento	4
1989	New maintenance group	Other: New maintenance group	5
1990	New maintenance group	     	6
1992	New maintenance group	Nhm bo dng mi	8
1991	New maintenance group	    	7
1993	New message	New message	1
1994	New message	 	2
1995	New message	Nouveau message	3
1996	New message	Nuevo Mensaje	4
1997	New message	Other: New message	5
1998	New message	 	6
2000	New message	Tin nhn mi	8
1999	New message	 	7
2001	New maintenance service	New maintenance service	1
2002	New maintenance service	  	2
2003	New maintenance service	Nouveau service de maintenance	3
2004	New maintenance service	Nuevo Servicio de Mantenimiento	4
2005	New maintenance service	Other: New maintenance service	5
2006	New maintenance service	   	6
2008	New maintenance service	Dch v bo dng mi	8
2007	New maintenance service	  	7
2009	New item	New item	1
2010	New item	 	2
2011	New item	Nouvel article	3
2012	New item	Nuevo Artculo	4
2013	New item	Other: New item	5
2014	New item	 	6
2016	New item	Thit b mi	8
2015	New item	 	7
2017	New facility	New facility	1
2018	New facility	 	2
2019	New facility	Nouvel tablissment	3
2020	New facility	Establecimiento Nuevo	4
2021	New facility	Other: New facility	5
2022	New facility	 	6
2024	New facility	C s mi	8
2023	New facility	 	7
2025	Number of coolant pack	Number of coolant pack	1
2026	Number of coolant pack	   	2
2027	Number of coolant pack	Numbre d'accus de froid	3
2028	Number of coolant pack	Nmero de Paquete de Refrigerante	4
2029	Number of coolant pack	Other: Number of coolant pack	5
2030	Number of coolant pack	 	6
2032	Number of coolant pack	S lng bnh tch lnh	8
2031	Number of coolant pack	 	7
2033	Total number of facilities	Total number of facilities	1
2034	Total number of facilities	  	2
2035	Total number of facilities	Numbre total des tablissements	3
2036	Total number of facilities	Nmero Total de Entornos	4
2037	Total number of facilities	Other: Total number of facilities	5
2038	Total number of facilities	  	6
2040	Total number of facilities	Tng s c s y t	8
2039	Total number of facilities	  	7
2041	Total number of sub-facilities	Total number of sub-facilities	1
2042	Total number of sub-facilities	   	2
2043	Total number of sub-facilities	Numbre total des tablissements dpendants	3
2044	Total number of sub-facilities	Nmero Total de Sub Entornos	4
2045	Total number of sub-facilities	Other: Total number of sub-facilities	5
2046	Total number of sub-facilities	   	6
2048	Total number of sub-facilities	Tng s c s tuyn di	8
2047	Total number of sub-facilities	  -	7
2050	Subject		2
2051	Subject	Objet	3
2052	Subject	Tema	4
2053	Subject	Other: Subject	5
2054	Subject		6
2056	Subject	Ch 	8
2055	Subject		7
2057	Options	Options	1
2058	Options		2
2059	Options	Options	3
2060	Options	Opciones	4
2061	Options	Other: Options	5
2062	Options		6
2064	Options	Ty chn	8
2063	Options		7
2065	Item Options	Item Options	1
2066	Item Options	 	2
2067	Item Options	Options d'articles	3
2068	Item Options	Opciones del Elemento	4
2069	Item Options	Other: Item Options	5
2070	Item Options	 	6
2072	Item Options	Ty chn thit b	8
2071	Item Options	 	7
2073	User Options	USER OPTIONS	1
2074	User Options	 	2
2075	User Options	OPTIONS UTILISATEUR	3
2076	User Options	Opciones del Usuario	4
2077	User Options	Other: USER OPTIONS	5
2078	User Options	 	6
2080	User Options	TY CHN NGI DNG	8
2079	User Options	  	7
2081	Tool box	Tool box	1
2082	Tool box	 	2
2083	Tool box	Outils	3
2084	Tool box	Caja de Herramientas	4
2085	Tool box	Other: Tool box	5
2086	Tool box	 	6
2088	Tool box	Hp cng c	8
2087	Tool box		7
2089	Page	Page	1
2090	Page		2
2091	Page	Page	3
2092	Page	Pgina	4
2093	Page	Other: Page	5
2094	Page		6
2096	Page	Trang	8
2095	Page		7
2097	Language settings	Language settings	1
2098	Language settings	 	2
2099	Language settings	Paramtrage des langues	3
2100	Language settings	Ajustes del Idioma	4
2101	Language settings	Other: Language settings	5
2102	Language settings	 	6
2104	Language settings	Ci t ngn ng	8
2103	Language settings	 	7
2105	Setting levels and level required capacities	Setting levels and level required capacities	1
2106	Setting levels and level required capacities	    	2
2107	Setting levels and level required capacities	Paramtrage des niveaux et les capacits requises par niveau	3
2108	Setting levels and level required capacities	Niveles de Ajustes Y Capacidades de Nivel Requerida	4
2109	Setting levels and level required capacities	Other: Setting levels and level required capacities	5
2110	Setting levels and level required capacities	      	6
2112	Setting levels and level required capacities	Ci t tuyn v dung tch yu cu	8
2111	Setting levels and level required capacities	    	7
2113	Settings	Settings	1
2114	Settings		2
2115	Settings	Paramtres	3
2116	Settings	Ajustes	4
2117	Settings	Other: Settings	5
2118	Settings		6
2120	Settings	Ci t	8
2119	Settings		7
2121	Parameters	Parameters	1
2122	Parameters		2
2123	Parameters	Paramtres	3
2124	Parameters	Parmetros	4
2125	Parameters	Other: Parameters	5
2126	Parameters		6
2128	Parameters	Thng s	8
2127	Parameters		7
2129	ADMIN Setting	ADMIN Setting	1
2130	ADMIN Setting	  	2
2131	ADMIN Setting	Paramtres ADMIN	3
2132	ADMIN Setting	Ajustes de Admin	4
2133	ADMIN Setting	Other: ADMIN Setting	5
2134	ADMIN Setting	 	6
2136	ADMIN Setting	Ci t QUN TR VIN	8
2135	ADMIN Setting	 	7
2137	Maintenance settings	Maintenance settings	1
2138	Maintenance settings	 	2
2139	Maintenance settings	Paramtres de la maintenance	3
2140	Maintenance settings	Ajustes de Mantenimiento	4
2141	Maintenance settings	Other: Maintenance settings	5
2142	Maintenance settings	   	6
2144	Maintenance settings	Ci t bo dng	8
2143	Maintenance settings	  	7
2145	Level settings	Level settings	1
2146	Level settings	 	2
2147	Level settings	Paramtres de niveau	3
2148	Level settings	Ajustes de Nivel	4
2149	Level settings	Other: Level settings	5
2150	Level settings	 	6
2152	Level settings	Ci t cho tuyn	8
2151	Level settings	 	7
2153	Parameters related to item categories	Parameters related to item categories	1
2154	Parameters related to item categories	   	2
2155	Parameters related to item categories	Paramtres lis aux catgories d'articles	3
2156	Parameters related to item categories	Parmetros Relacionados Con la Categora del Artculo	4
2649	Save changes	Save changes	1
2157	Parameters related to item categories	Other: Parameters related to item categories	5
2158	Parameters related to item categories	    	6
2160	Parameters related to item categories	Thng s lin quan n danh mc thit b	8
2159	Parameters related to item categories	,    	7
2161	Parameters related to facilities	Parameters related to facilities	1
2162	Parameters related to facilities	  (   )	2
2163	Parameters related to facilities	Paramtres lis aux tablissements	3
2164	Parameters related to facilities	Parmetros Relacionados a los Entornos	4
2165	Parameters related to facilities	Other: Parameters related to facilities	5
2166	Parameters related to facilities	  	6
2168	Parameters related to facilities	Thng s lin quan n c s	8
2167	Parameters related to facilities	,   	7
2169	Parent	Parent	1
2170	Parent		2
2171	Parent	Parent	3
2172	Parent	Padres	4
2173	Parent	Other: Parent	5
2174	Parent	RU: Parent	6
2176	Parent	Tuyn trn	8
2175	Parent	 	7
2177	No data found	No data found	1
2178	No data found	    	2
2179	No data found	Pas de donnes trouves	3
2180	No data found	Datos No Encontrados	4
2181	No data found	Other: No data found	5
2182	No data found	  	6
2184	No data found	Khng tm thy d liu	8
2183	No data found	  	7
2185	Country added successfully	Country added successfully	1
2186	Country added successfully	   	2
2187	Country added successfully	Pays ajouter avec succs	3
2188	Country added successfully	Pas Agregado Con xito	4
2189	Country added successfully	Other: Country added successfully	5
2190	Country added successfully	  	6
2192	Country added successfully	 thm Quc gia thnh cng	8
2191	Country added successfully	 	7
2193	Can be defined	Can be defined	1
2194	Can be defined	 	2
2195	Can be defined	Peut tre dfini	3
2196	Can be defined	No Puede Ser Definido	4
2197	Can be defined	Other: Can be defined	5
2198	Can be defined	  	6
2200	Can be defined	C th xc nh	8
2199	Can be defined	  	7
2202	Physical		2
2203	Physical	Physique	3
2204	Physical	Fsico	4
2205	Physical	Other: Physical	5
2206	Physical		6
2208	Physical	C s vt cht	8
2207	Physical		7
2209	Storage conditions:	Storage conditions:	1
2210	Storage conditions:	 :	2
2211	Storage conditions:	Plage de temprature:	3
2212	Storage conditions:	Condiciones de Almacenamiento:	4
2213	Storage conditions:	Other: Storage conditions:	5
2214	Storage conditions:	 :	6
2216	Storage conditions:	iu kin bo qun:	8
2215	Storage conditions:	 :	7
2217	Plan it	Plan it	1
2218	Plan it	 	2
2219	Plan it	Planifier le(la)	3
2220	Plan it	Planear	4
2221	Plan it	Other: Plan it	5
2222	Plan it		6
2224	Plan it	Lp k hoch	8
2223	Plan it		7
2225	Maximum populations	Maximum populations	1
2226	Maximum populations	  	2
2227	Maximum populations	Population maximale	3
2228	Maximum populations	Poblacin Mxima	4
2229	Maximum populations	Other: Maximum populations	5
2230	Maximum populations	  	6
2232	Maximum populations	Dn s ti a	8
2231	Maximum populations	  	7
2233	Minimum populations	Minimum populations	1
2234	Minimum populations	  	2
2235	Minimum populations	Population minimale	3
2236	Minimum populations	Poblacin Mnima	4
2237	Minimum populations	Other: Minimum populations	5
2238	Minimum populations	  	6
2240	Minimum populations	Dn s ti thiu	8
2239	Minimum populations	  	7
2241	Average populations	Average populations	1
2242	Average populations	  	2
2243	Average populations	Population moyenne	3
2244	Average populations	Poblacin Promedio	4
2245	Average populations	Other: Average populations	5
2246	Average populations	  	6
2248	Average populations	Dn s trung bnh	8
2247	Average populations	  	7
2249	Populations	Populations	1
2250	Populations		2
2251	Populations	Populations	3
2252	Populations	Poblaciones	4
2253	Populations	Other: Populations	5
2254	Populations		6
2256	Populations	Dn s	8
2255	Populations	 	7
2257	Population	Populations	1
2258	Population		2
2259	Population	Populations	3
2260	Population	Poblaciones	4
2261	Population	Other: Populations	5
2262	Population		6
2264	Population	Dn s	8
2263	Population	 	7
2265	Target populations:	Target populations:	1
2266	Target populations:	  :	2
2267	Target populations:	Populations cibles:	3
2268	Target populations:	Poblaciones Objetivo	4
2269	Target populations:	Other: Target populations:	5
2270	Target populations:	 :	6
2272	Target populations:	Dn s mc tiu:	8
2271	Target populations:	  :	7
2273	Under-1 populations	Under-1 populations	1
2274	Under-1 populations	   1	2
2275	Under-1 populations	Populations de moins d'un an	3
2276	Under-1 populations	Poblaciones Debajo de 1	4
2277	Under-1 populations	Other: Under-1 populations	5
2278	Under-1 populations	   1 	6
2280	Under-1 populations	Tr di 1 tui	8
2279	Under-1 populations	  1 .	7
2281	Under-1 Population	Under-1 populations	1
2282	Under-1 Population	   1	2
2283	Under-1 Population	Populations de moins d'un an	3
2284	Under-1 Population	Poblaciones Debajo de 1	4
2285	Under-1 Population	Other: Under-1 populations	5
2286	Under-1 Population	   1 	6
2288	Under-1 Population	Tr di 1 tui	8
2287	Under-1 Population	  1 .	7
2289	General populations	General populations	1
2290	General populations		2
2291	General populations	Populations gnrales	3
2292	General populations	Poblacin General	4
2293	General populations	Other: General populations	5
2294	General populations	 	6
2296	General populations	Nhm dn s chung	8
2295	General populations	  	7
2297	General population	General populations	1
2298	General population	 	2
2299	General population	Populations gnrales	3
2300	General population	Poblacin General	4
2301	General population	Other: General populations	5
2302	General population	 	6
2304	General population	Nhm dn s chung	8
2303	General population	  	7
2305	Vaccine Carrier	Vaccine Carrier	1
2306	Vaccine Carrier	 	2
2307	Vaccine Carrier	Porte-vaccins	3
2308	Vaccine Carrier	Portador de la Vacuna	4
2309	Vaccine Carrier	Other: Vaccine Carrier	5
2310	Vaccine Carrier		6
2312	Vaccine Carrier	Phch vc-xin	8
2311	Vaccine Carrier	  	7
2313	Portuguese	Portuguese	1
2314	Portuguese		2
2315	Portuguese	Portugais	3
2316	Portuguese	Portugus	4
2317	Portuguese	Other: Portuguese	5
2318	Portuguese		6
2320	Portuguese	Ting B o Nha	8
2319	Portuguese		7
2321	HR Position Levels	HR position levels	1
2322	HR Position Levels	   	2
2323	HR Position Levels	Position hirarchique	3
2324	HR Position Levels	Niveles de Posicin Rh	4
2325	HR Position Levels	Other: HR position levels	5
2326	HR Position Levels	   	6
2328	HR Position Levels	Cp  ca nhn s	8
2327	HR Position Levels	  	7
2329	Position	Position	1
2330	Position		2
2331	Position	Poste	3
2332	Position	Posicin	4
2333	Position	Other: Position	5
2334	Position		6
2336	Position	V tr	8
2335	Position		7
2337	Under age	Under age	1
2338	Under age	  	2
2339	Under age	Prcoce /avant terme	3
2340	Under age	Menor de Edad	4
2341	Under age	Other: Under age	5
2342	Under age	  	6
2344	Under age	Di tui	8
2343	Under age		7
2345	Main	Main	1
2346	Main		2
2347	Main	Principal	3
2348	Main	Principal	4
2349	Main	Other: Main	5
2350	Main		6
2352	Main	Chnh	8
2351	Main		7
2353	Profile of cold chain equipment	Profile of cold chain equipment	1
2354	Profile of cold chain equipment	   	2
2355	Profile of cold chain equipment	Profile des quipement de chane du froid	3
21	About IGA	Other: About IGA	5
2356	Profile of cold chain equipment	Perfil de Equipo de Cadena Fra	4
2357	Profile of cold chain equipment	Other: Profile of cold chain equipment	5
2358	Profile of cold chain equipment	  	6
2360	Profile of cold chain equipment	H s thit b dy chuyn lnh	8
2359	Profile of cold chain equipment	   	7
2361	Profile of facilities	Profile of facilities	1
2362	Profile of facilities	  	2
2363	Profile of facilities	Profile des tablissements	3
2364	Profile of facilities	Perfil de Entornos	4
2365	Profile of facilities	Other: Profile of facilities	5
2366	Profile of facilities	 	6
2368	Profile of facilities	H s v c s	8
2367	Profile of facilities	 	7
2369	Width (cm)	Width (cm)	1
2370	Width (cm)	 ()	2
2371	Width (cm)	Profondeur (cm)	3
2372	Width (cm)	Ancho (Cm)	4
2373	Width (cm)	Other: Width (cm)	5
2374	Width (cm)	 ()	6
2376	Width (cm)	Chiu rng (cm)	8
2375	Width (cm)	 ()	7
2377	Owner	Owner	1
2378	Owner		2
2379	Owner	Propritaire	3
2380	Owner	Propietario	4
2381	Owner	Other: Owner	5
2382	Owner		6
2384	Owner	Ch s hu	8
2383	Owner	 	7
2385	Ownership	Ownership	1
2386	Ownership		2
2387	Ownership	Proprit	3
2388	Ownership	Propiedad	4
2389	Ownership	Other: Ownership	5
2390	Ownership		6
2392	Ownership	Quyn s hu	8
2391	Ownership	 	7
2393	Facility ownership	Facility ownership	1
2394	Facility ownership	 	2
2395	Facility ownership	Proprit de l'tablissement	3
2396	Facility ownership	Propiedad de los Entornos	4
2397	Facility ownership	Other: Facility ownership	5
2398	Facility ownership	 	6
2400	Facility ownership	Quyn s hu c s	8
2399	Facility ownership	  '	7
2402	Power		2
2403	Power	Puissance/Energie	3
2404	Power	Poder	4
2405	Power	Other: Power	5
2406	Power		6
2408	Power	Ngun in	8
2407	Power		7
2409	Logout	Logout	1
2410	Logout	 	2
2411	Logout	Quiter	3
2412	Logout	Cerrar Sesin	4
2413	Logout	Other: Logout	5
2414	Logout	  	6
2416	Logout	ng xut	8
2415	Logout	  	7
2417	Reason for building condition not suitable	Reason for building condition not suitable:	1
2418	Reason for building condition not suitable	    :	2
2419	Reason for building condition not suitable	Raison de la non conformit du batiment:	3
2420	Reason for building condition not suitable	Razn Por la Cual la Condicin del Edificio No Es Adecuada	4
2421	Reason for building condition not suitable	Other: Reason for building condition not suitable:	5
2422	Reason for building condition not suitable	       :	6
2424	Reason for building condition not suitable	L do iu kin ca ta nh khng ph hp:	8
2423	Reason for building condition not suitable	   :	7
2425	Item delete reason	Item delete reason	1
2426	Item delete reason	  	2
2427	Item delete reason	Raison de suppresion de l'article	3
2428	Item delete reason	Motivo para Eliminar El Artculo	4
2429	Item delete reason	Other: Item delete reason	5
2430	Item delete reason	     	6
2432	Item delete reason	L do xa thit b	8
2431	Item delete reason	  	7
2433	Facility delete reason	Facility delete reason	1
2434	Facility delete reason	  	2
2435	Facility delete reason	Raison de suppresion de l'tablissement	3
2436	Facility delete reason	Motivo para Elminar Entorno	4
2437	Facility delete reason	Other: Facility delete reason	5
2438	Facility delete reason	     	6
2440	Facility delete reason	L do xa c s	8
2439	Facility delete reason	  	7
2441	Delete reasons	Reasons for deleting	1
2442	Delete reasons	 	2
2443	Delete reasons	Raisons de la suppression	3
2444	Delete reasons	Motivos de Eliminacin	4
2445	Delete reasons	Other: Reasons for deleting	5
2446	Delete reasons	 	6
2448	Delete reasons	L do  xa	8
2447	Delete reasons	 	7
2449	Reasons for not functioning	Reasons for not functioning	1
1	to	to	1
2	to		2
3	to		3
4	to	a	4
5	to	Other: to	5
6	to		6
8	to	n	8
7	to		7
9	From Excel file	From Excel file	1
10	From Excel file	  Excel	2
11	From Excel file	A partir du fichier Excel	3
12	From Excel file	Desde un Archivo de Excel	4
13	From Excel file	Other: From Excel file	5
14	From Excel file	 MS Excel 	6
16	From Excel file	T tp Excel	8
15	From Excel file	  Excel	7
17	About IGA	About IGA	1
18	About IGA	 IGA	2
19	About IGA	A propos de IGA	3
20	About IGA	Acerca de Iga	4
2450	Reasons for not functioning	  	2
2451	Reasons for not functioning	Raisons de non fonctionnement	3
2452	Reasons for not functioning	Motivos para No Funcionar	4
2453	Reasons for not functioning	Other: Reasons for not functioning	5
2454	Reasons for not functioning	  	6
2456	Reasons for not functioning	L do khng hot ng	8
2455	Reasons for not functioning	  	7
2457	Report	Report	1
2458	Report		2
2459	Report	Rapport	3
2460	Report	Reporte	4
2461	Report	Other: Report	5
2462	Report		6
2464	Report	Bo co	8
2463	Report		7
2465	Item report by facility	Item report by facility	1
2466	Item report by facility	   	2
2467	Item report by facility	Rapport d'article par tablissement	3
2468	Item report by facility	Informe de Elementos Por Establecimiento	4
2469	Item report by facility	Other: Item report by facility	5
2470	Item report by facility	   	6
2472	Item report by facility	Bo co thit b theo c s	8
2471	Item report by facility	   	7
2473	Item gap report	Item gap report	1
2474	Item gap report	  	2
2475	Item gap report	Rapport de gap d'articles	3
2476	Item gap report	Informe de Brecha de Artculo	4
2477	Item gap report	Other: Item gap report	5
2478	Item gap report	    	6
2480	Item gap report	Bo co l hng v thit b	8
2479	Item gap report	   	7
2481	Item grouped report	Item grouped report	1
2482	Item grouped report	  	2
2483	Item grouped report	Rapport de groupe d'articles	3
2484	Item grouped report	Informe de Grupo de Artculos	4
2485	Item grouped report	Other: Item grouped report	5
2486	Item grouped report	   	6
2488	Item grouped report	Bo co nhm thit b	8
2487	Item grouped report	'   	7
2489	Planning Report	Planning Report	1
2490	Planning Report	 	2
2491	Planning Report	Rapport de planification	3
2492	Planning Report	Informe de Planeacin	4
2493	Planning Report	Other: Planning Report	5
2494	Planning Report	  	6
2496	Planning Report	Bo co lp k hoch	8
2495	Planning Report	  	7
2497	Sub-facility populations report	Sub-facility populations report	1
2498	Sub-facility populations report	   	2
2499	Sub-facility populations report	Rapport de population des tablissements dpedants	3
2500	Sub-facility populations report	Informe de Poblacin de Subinstalaciones	4
2501	Sub-facility populations report	Other: Sub-facility populations report	5
2502	Sub-facility populations report	    	6
2504	Sub-facility populations report	Bo co dn s ca c s tuyn di	8
2503	Sub-facility populations report	 -   	7
2505	Gap map report	Gap map report	1
2506	Gap map report	  	2
2507	Gap map report	Rapport de situation des carts	3
2508	Gap map report	Informe de Mapa de Brechas	4
2509	Gap map report	Other: Gap map report	5
2201	Physical	Physical	1
2401	Power	Power	1
2769	Submit	Submit	1
2908	Message body	Cuerpo del Mensaje	4
2510	Gap map report	  	6
2512	Gap map report	Bo co lp s  khong trng	8
2511	Gap map report	    	7
2513	Facility map-based report	Facility map-based report	1
2514	Facility map-based report	   	2
2515	Facility map-based report	Rapport de situation des tablissements	3
2516	Facility map-based report	Informe Basado En El Mapa del Entorno	4
2517	Facility map-based report	Other: Facility map-based report	5
2518	Facility map-based report	    	6
2520	Facility map-based report	Bo co bn  c s	8
2519	Facility map-based report	    	7
2521	Reports	Reports	1
2522	Reports		2
2523	Reports	Rapports	3
2524	Reports	Reportes	4
2525	Reports	Other: Reports	5
2526	Reports		6
2528	Reports	Cc bo co	8
2527	Reports		7
2529	Receivers	Receivers	1
2530	Receivers		2
2531	Receivers	Rcepteurs	3
2532	Receivers	Receptores	4
2533	Receivers	Other: Receivers	5
2534	Receivers		6
2536	Receivers	Ngi nhn	8
3707	You have	Tu as	3
2539	Search QR code	Rechercher un code QR	3
2540	Search QR code	Bsqueda de Cdigo Qr	4
2541	Search QR code	Other: Search for QR code	5
2542	Search QR code	 QR-	6
2544	Search QR code	Tm kim m QR	8
2543	Search QR code	 QR -	7
2545	Received	Received	1
2546	Received		2
2547	Received	Reu(e)	3
2548	Received	Recibido	4
2549	Received	Other: Received	5
2550	Received		6
2552	Received	 nhn	8
2551	Received		7
2553	Refrigerator	Refrigerator	1
2554	Refrigerator	 / 	2
2555	Refrigerator	Rfrigrateur	3
2556	Refrigerator	Refigerador	4
2557	Refrigerator	Other: Refrigerator	5
2558	Refrigerator		6
2560	Refrigerator	T lnh	8
2559	Refrigerator		7
2561	Request is not valid	Request is not valid	1
2562	Request is not valid	  	2
2563	Request is not valid	Requte non valide	3
2564	Request is not valid	Solicitud No Vlida	4
2565	Request is not valid	Other: Request is not valid	5
2566	Request is not valid	 	6
2568	Request is not valid	Yu cu khng hp l	8
2567	Request is not valid	 	7
2569	Required capacity per target population	Required capacity per target population	1
2570	Required capacity per target population	     	2
2571	Required capacity per target population	Required Capacity Per Target Population	3
2572	Required capacity per target population	Capacidad Requerida Por Poblacin Objetivo	4
2573	Required capacity per target population	Other: Required capacity per target population	5
2574	Required capacity per target population	    	6
2576	Required capacity per target population	Dung tch yu cu trn nhm dn s mc tiu	8
2575	Required capacity per target population	     	7
2577	Required	Required	1
2578	Required		2
2579	Required	Requis	3
2580	Required	Requerido	4
2581	Required	Other: Required	5
2582	Required		6
2584	Required	Yu cu	8
2583	Required		7
2585	Human resources	Human resources	1
2586	Human resources	 	2
2587	Human resources	Ressources humaines	3
2588	Human resources	Recursos Humanos	4
2589	Human resources	Other: Human resources	5
2590	Human resources	 	6
2592	Human resources	Nhn s	8
2591	Human resources		7
2593	Back	Back	1
2594	Back		2
2595	Back	Retour	3
2596	Back	Regresar	4
2597	Back	Other: Back	5
2598	Back		6
2600	Back	Quay li	8
2599	Back		7
2601	Return	Return	1
2602	Return		2
2603	Return	Retour	3
2604	Return	Devolver	4
2605	Return	Other: Return	5
2606	Return		6
2608	Return	Tr v	8
2607	Return		7
2609	Back to home	Back to home	1
2610	Back to home	   	2
2611	Back to home	Retour  la page d'acceuil	3
2612	Back to home	Regresar A Casa	4
2613	Back to home	Other: Back to home	5
2614	Back to home	   	6
2616	Back to home	Quay li Trang ch	8
2615	Back to home	 	7
2617	Back to Plan	Back to Plan	1
2618	Back to Plan	  	2
2619	Back to Plan	Retour au plan	3
2620	Back to Plan	Regresar Al Plan	4
2621	Back to Plan	Other: Back to Plan	5
2622	Back to Plan	  	6
2624	Back to Plan	Quay li K hoch	8
2623	Back to Plan	  	7
2625	Russian	Russian	1
2626	Russian		2
2627	Russian	Russe	3
2628	Russian	Ruso	4
2629	Russian	Other: Russian	5
2630	Russian		6
2632	Russian	Ting Nga	8
2631	Russian		7
2633	Enter manually	Enter manually	1
2634	Enter manually	 	2
2635	Enter manually	Saisir manuellement	3
2636	Enter manually	Ingresar Manualmente	4
2637	Enter manually	Other: Enter manually	5
2638	Enter manually	  	6
2640	Enter manually	Nhp th cng	8
2639	Enter manually	  	7
2641	Save	Save	1
2642	Save		2
2643	Save	Sauvegarder	3
2644	Save	Guardar	4
2645	Save	Other: Save	5
2646	Save		6
2648	Save	Lu	8
2647	Save		7
2650	Save changes	 	2
2651	Save changes	Sauvegarder les changements	3
2652	Save changes	Guardar Cambios	4
2653	Save changes	Other: Save changes	5
2654	Save changes	 	6
2656	Save changes	Lu thay i	8
2655	Save changes	 	7
2657	Save all	Save all	1
2658	Save all	 	2
2659	Save all	Sauvegarder tout	3
2660	Save all	Guardar Todo	4
2661	Save all	Other: Save all	5
2662	Save all	 	6
2664	Save all	Lu tt c	8
2663	Save all	 	7
2665	Scan QRs	Scan QRs	1
2666	Scan QRs	 QRs 	2
2667	Scan QRs	Scanner code QR	3
2668	Scan QRs	Scanear Qrs	4
2669	Scan QRs	Other: Scan QRs	5
2670	Scan QRs	 QR-	6
2672	Scan QRs	Qut QR	8
2671	Scan QRs	 QR	7
2673	Scenario 1 (in cubic centimetres)	Scenario 1 (in cubic centimetres)	1
2674	Scenario 1 (in cubic centimetres)	 1 (  )	2
2675	Scenario 1 (in cubic centimetres)	Scnario 1 (en centimtres cubes)	3
2676	Scenario 1 (in cubic centimetres)	Escenario 1 (En Cemtmetros Cbicos)	4
2677	Scenario 1 (in cubic centimetres)	Other: Scenario 1 (in cubic centimetres)	5
2678	Scenario 1 (in cubic centimetres)	 1 (  )	6
2680	Scenario 1 (in cubic centimetres)	Kch bn 1 (bng cm3)	8
2679	Scenario 1 (in cubic centimetres)	 1 (  )	7
2681	Scenario 2 (planned) (in cubic centimetres)	Scenario 2 (planned) (in cubic centimetres)	1
2682	Scenario 2 (planned) (in cubic centimetres)	 2 ( ) (  )	2
2683	Scenario 2 (planned) (in cubic centimetres)	Scnario 2 (planifi) (en centimtres cubes)	3
2684	Scenario 2 (planned) (in cubic centimetres)	Escenario 2 (Planeado) (En Centmetros Cbicos)	4
2685	Scenario 2 (planned) (in cubic centimetres)	Other: Scenario 2 (planned) (in cubic centimetres)	5
2686	Scenario 2 (planned) (in cubic centimetres)	 2 () (  )	6
2688	Scenario 2 (planned) (in cubic centimetres)	Kch bn 2 (d kin) (bng cm3)	8
2687	Scenario 2 (planned) (in cubic centimetres)	 2 () (  )	7
2689	Facility segmentation	Facility segmentation	1
2690	Facility segmentation	 	2
2691	Facility segmentation	Segmentation des tablissements	3
2692	Facility segmentation	Segmentacin del Establecimiento	4
2693	Facility segmentation	Other: Facility segmentation	5
2694	Facility segmentation	 	6
2696	Facility segmentation	Phn khc c s	8
2695	Facility segmentation	 	7
2697	Select	Select	1
2698	Select		2
2699	Select	Selectionner	3
2700	Select	Seleccionar	4
2701	Select	Other: Select	5
2702	Select		6
2704	Select	Chn	8
2703	Select		7
2705	Select facility	Select facility	1
2706	Select facility	 	2
2707	Select facility	Slectionner un tablissement	3
2708	Select facility	Seleccionar Establecimiento	4
2709	Select facility	Other: Select facility	5
2710	Select facility	 	6
2712	Select facility	Chn c s	8
2711	Select facility	 	7
2713	Select items Category	Select items Category	1
2714	Select items Category	  	2
2715	Select items Category	Slectionner une catgorie d'articles	3
2716	Select items Category	Seleccionar Categora de Artculos	4
2717	Select items Category	Other: Select items Category	5
2718	Select items Category	  	6
2720	Select items Category	Chn danh mc thit b	8
2719	Select items Category	  	7
2721	Select item Class	Select item Class	1
2722	Select item Class	  	2
2723	Select item Class	Slectionner une classe d'articles	3
2724	Select item Class	Seleccionar Clase de Artculos	4
2725	Select item Class	Other: Select item Class	5
2726	Select item Class	  	6
2728	Select item Class	Chn Loi thit b	8
2727	Select item Class	  	7
2729	Maintenance service	Maintenance service	1
2730	Maintenance service	 	2
2731	Maintenance service	Service de maintenance	3
2732	Maintenance service	Servicio de Mantenimiento	4
2733	Maintenance service	Other: Maintenance service	5
2734	Maintenance service	   	6
2736	Maintenance service	Dch v bo dng mi	8
2735	Maintenance service	 	7
2737	Service maintenance item	Service maintenance item	1
2738	Service maintenance item	  	2
2739	Service maintenance item	Service de maintenance d'article	3
2740	Service maintenance item	Elemento de Mantenimiento de Servicio	4
2741	Service maintenance item	Other: Service maintenance item	5
2742	Service maintenance item	    	6
2744	Service maintenance item	Mc dch v bo dng	8
2743	Service maintenance item	  	7
2745	Maintenance services must be done in	Maintenance service must be completed on	1
2746	Maintenance services must be done in	    	2
2747	Maintenance services must be done in	Service de maintenance doit tre ralis le	3
2748	Maintenance services must be done in	El Servicio de Mantenimiento Debe Estar Completo	4
2749	Maintenance services must be done in	Other: Maintenance service must be completed on	5
2750	Maintenance services must be done in	     	6
2752	Maintenance services must be done in	Dch v bo dng phi hon thnh vo	8
2751	Maintenance services must be done in	     	7
2753	Maintenance services were	Maintenance services were completed	1
2754	Maintenance services were	    	2
2755	Maintenance services were	Services de maintenance ont t raliss	3
2756	Maintenance services were	Se Complet El Servicio de Mantenimiento	4
2757	Maintenance services were	Other: Maintenance services were completed	5
2758	Maintenance services were	  	6
2760	Maintenance services were	Dch v bo dng  hon thnh	8
2759	Maintenance services were	     	7
2761	If you click on submit, all old data will be erased!	If you click on submit, all old data will be erased!	1
2762	If you click on submit, all old data will be erased!	         !	2
2763	If you click on submit, all old data will be erased!	Si vous cliquez sur soumettre, toutes les donnes seront effaces	3
2764	If you click on submit, all old data will be erased!	Si Le Da Click En Submit, Todos Los Datos Antiguos Sern Eliminados!	4
2765	If you click on submit, all old data will be erased!	Other: If you click on submit, all old data will be erased!	5
2766	If you click on submit, all old data will be erased!	     ,    	6
2768	If you click on submit, all old data will be erased!	Nu bn nhp vo gi, tt c cc d liu c s b xa!	8
2767	If you click on submit, all old data will be erased!	   ,     !	7
2770	Submit		2
2771	Submit	Soumettre	3
2772	Submit	Enviar	4
2773	Submit	Other: Submit	5
2774	Submit		6
2776	Submit	Gi	8
2775	Submit		7
2777	Power source	Power source	1
2778	Power source	 	2
2779	Power source	Source d'nergie	3
2780	Power source	Fuente de Poder	4
2781	Power source	Other: Power source	5
2782	Power source	 	6
2784	Power source	Ngun in	8
2783	Power source	 	7
2785	Facility power source	Facility power source	1
2786	Facility power source	  	2
2787	Facility power source	Source d'nergie de l'tablissement	3
2788	Facility power source	Fuente de Poder de las Instalaciones	4
2789	Facility power source	Other: Facility power source	5
2790	Facility power source	  	6
2792	Facility power source	Ngun in ca c s	8
2791	Facility power source	  	7
2793	Energy source for cold chain equipment	Energy source for cold chain equipment:	1
2794	Energy source for cold chain equipment	    :	2
2795	Energy source for cold chain equipment	Source d'nergie pour l'quipement de chane du froid	3
2796	Energy source for cold chain equipment	Fuente de Energa para El Equipo de Cadena Fra	4
2797	Energy source for cold chain equipment	Other: Energy source for cold chain equipment:	5
2798	Energy source for cold chain equipment	    	6
2800	Energy source for cold chain equipment	Ngun nng lng cho thit b dy chuyn lnh:	8
2799	Energy source for cold chain equipment	     :	7
2801	Financial source	Financial source	1
2802	Financial source	 	2
2803	Financial source	Source de financement	3
2804	Financial source	Fuente Financiera	4
2805	Financial source	Other: Financial source	5
2806	Financial source	 	6
2808	Financial source	Ngun ti chnh	8
2807	Financial source	 	7
2809	Supported by wVSSM Team	Supported by wVSSM Team	1
2810	Supported by wVSSM Team	   wVSSM	2
2811	Supported by wVSSM Team	Soutenu par l'quipe wVSSM	3
2812	Supported by wVSSM Team	Respaldado Por El Equipo de wVSSM	4
2813	Supported by wVSSM Team	Other: Supported by wVSSM Team	5
2814	Supported by wVSSM Team	    -      (wVSSM)	6
2816	Supported by wVSSM Team	H tr bi nhm wVSSM	8
2815	Supported by wVSSM Team	    wVSSM	7
2817	Success	Success	1
2818	Success		2
2819	Success	Succs	3
2820	Success	xito	4
2821	Success	Other: Success	5
2822	Success		6
2824	Success	Thnh cng	8
2823	Success		7
2825	Next	Next	1
2826	Next		2
2827	Next	Suivant	3
2828	Next	Siguiente	4
2829	Next	Other: Next	5
2830	Next		6
2832	Next	Tip theo	8
2831	Next		7
2833	Deleted	Deleted	1
2834	Deleted		2
2835	Deleted	Supprim(e)	3
2836	Deleted	Eliminado	4
2837	Deleted	Other: Deleted	5
2838	Deleted		6
2840	Deleted	 xa	8
2839	Deleted		7
2841	Delete item	Delete item	1
2842	Delete item	 	2
2843	Delete item	Supprimer un article	3
2844	Delete item	Eliminar Elemento	4
2845	Delete item	Other: Delete item	5
2846	Delete item	 	6
2848	Delete item	Xa thit b	8
2847	Delete item	 	7
2849	Delete facility	Delete facility	1
2850	Delete facility	 	2
2851	Delete facility	Supprimer un tablissement	3
2852	Delete facility	Eliminar Establecimiento	4
2853	Delete facility	Other: Delete facility	5
2854	Delete facility	 	6
2856	Delete facility	Xa c s	8
2855	Delete facility	 	7
2857	Inventory and Gap Analysis System	Inventory and Gap Analysis System	1
2858	Inventory and Gap Analysis System	   	2
2859	Inventory and Gap Analysis System	Systme d'Inventaire et Analyse de Gap	3
2860	Inventory and Gap Analysis System	Inventario Y Sistema de Anlisis de Brecha	4
2861	Inventory and Gap Analysis System	Other: Inventory and Gap Analysis System	5
2862	Inventory and Gap Analysis System	    	6
2864	Inventory and Gap Analysis System	H thng Kim k v Phn tch khong trng	8
2863	Inventory and Gap Analysis System	    	7
2865	Dashboard	Dashboard	1
2866	Dashboard	 	2
2867	Dashboard	Tableau de bord	3
2868	Dashboard	Tablero	4
2869	Dashboard	Other: Dashboard	5
2870	Dashboard	   ()	6
2872	Dashboard	Bng iu khin	8
2871	Dashboard	 	7
2873	Annual population growth rate (%)	Annual population growth rate (%)	1
2874	Annual population growth rate (%)	   	2
2875	Annual population growth rate (%)	Taux d'accroissement annuel de la population	3
2876	Annual population growth rate (%)	Tasa de Crecimiento Anual de la Poblacin	4
2877	Annual population growth rate (%)	Other: Annual population growth rate (%)	5
2878	Annual population growth rate (%)		6
2880	Annual population growth rate (%)	T l tng dn s hng nm (%)	8
2879	Annual population growth rate (%)	     (%)	7
2881	Phone Number	Phone number	1
2882	Phone Number	 	2
2883	Phone Number	Tlphone	3
2884	Phone Number	Nmero de Telfono	4
2885	Phone Number	Other: Phone number	5
2886	Phone Number	 	6
2888	Phone Number	S in thoi	8
2887	Phone Number	 	7
2889	Upload excel to import facility	Upload MS Excel file to import facilities	1
2890	Upload excel to import facility	  MS Excel  	2
2891	Upload excel to import facility	Tlverser le fichier Excel pour importer les tablissements	3
2892	Upload excel to import facility	Cargue El Archivo Ms Excel para Importar Entornos	4
2893	Upload excel to import facility	Other: Upload MS Excel file to import facilities	5
2894	Upload excel to import facility	 VS Excel    	6
2896	Upload excel to import facility	Ti ln tp MS Excel  nhp c s	8
2895	Upload excel to import facility	  MS Excel   	7
2897	Upload image	Upload image	1
2898	Upload image	 	2
2899	Upload image	Tlverser une image	3
2900	Upload image	Cargar Imagen	4
2901	Upload image	Other: Upload image	5
2902	Upload image	 	6
2904	Upload image	Ti ln hnh nh	8
2903	Upload image	 	7
2905	Message body	Message body	1
2906	Message body	 	2
2907	Message body	Texte du message	3
2909	Message body	Other: Message body	5
2910	Message body	 	6
2912	Message body	Ni dung tin nhn	8
2911	Message body	 	7
2913	Title	Title	1
2914	Title		2
2915	Title	Titre	3
2916	Title	Ttulo	4
2917	Title	Other: Title	5
2918	Title		6
2920	Title	Tiu 	8
2919	Title		7
2921	Total	Total	1
2922	Total		2
2923	Total	Total	3
2924	Total	Total	4
2925	Total	Other: Total	5
2926	Total		6
2928	Total	Tng	8
2927	Total		7
2929	Total Years In This Position	Total years In this position	1
2930	Total Years In This Position	    	2
2931	Total Years In This Position	Total anne dans le poste	3
2932	Total Years In This Position	Total de Aos En sta Posicin	4
2933	Total Years In This Position	Other: Total years In this position	5
2934	Total Years In This Position	     	6
2936	Total Years In This Position	Tng s nm  v tr ny	8
2935	Total Years In This Position	    	7
2937	Total Years In Service	Total years In service	1
2938	Total Years In Service	  	2
2939	Total Years In Service	Total anne de service	3
2940	Total Years In Service	Total de Aos En Servicio	4
2941	Total Years In Service	Other: Total years In service	5
2942	Total Years In Service	   	6
2944	Total Years In Service	Tng s nm hot ng	8
2943	Total Years In Service	  	7
2945	All total available (lit.)	All total available (lit.)	1
2946	All total available (lit.)	    ()	2
2947	All total available (lit.)	Total capacit disponible (lit.)	3
2948	All total available (lit.)	Todo El Total Disponible	4
2949	All total available (lit.)	Other: All total available (lit.)	5
2950	All total available (lit.)	   ()	6
2952	All total available (lit.)	Tng dung tch hin c (lt)	8
2951	All total available (lit.)	   ()	7
2953	Functioning Total Available (lit)	Functioning total available (lit)	1
2954	Functioning Total Available (lit)	       ()	2
2955	Functioning Total Available (lit)	Totale capacit fonctionnelle disponible (lit)	3
2956	Functioning Total Available (lit)	Total Disponible Funcionando (Lit.)	4
2957	Functioning Total Available (lit)	Other: Functioning total available (lit)	5
2958	Functioning Total Available (lit)	    ()	6
2960	Functioning Total Available (lit)	Tng dung tch hin c ang hot ng (lt)	8
2959	Functioning Total Available (lit)	    ()	7
2961	All	All	1
2962	All		2
2963	All	Tout	3
2964	All	Todo	4
2965	All	Other: All	5
2966	All		6
2968	All	Tt c	8
2967	All		7
2969	Type	Type	1
2970	Type		2
2971	Type	Type	3
2972	Type	Tipo	4
2973	Type	Other: Type	5
2974	Type		6
2976	Type	Loi	8
2975	Type		7
2977	Type of road from the higher level to this facility	Type of road from the higher level to this facility:	1
2978	Type of road from the higher level to this facility	       :	2
2979	Type of road from the higher level to this facility	Type de route depuis le nivau suprieur  l'tablissement:	3
2980	Type of road from the higher level to this facility	Tipo de Camino Desde El Nivel Superior Hasta ste Establecimiento	4
2981	Type of road from the higher level to this facility	Other: Type of road from the higher level to this facility:	5
2982	Type of road from the higher level to this facility	       :	6
2984	Type of road from the higher level to this facility	Loi ng t tuyn trn n c s ny:	8
2983	Type of road from the higher level to this facility	      :	7
2985	PQS/PIS type	PQS/PIS type	1
2986	PQS/PIS type	 PQS/PIS	2
2987	PQS/PIS type	Type PQS/PIS	3
2988	PQS/PIS type	Tipo Pqs/Pis	4
2989	PQS/PIS type	Other: PQS/PIS type	5
2990	PQS/PIS type	 PQS/PIS	6
2992	PQS/PIS type	Loi PQS/PIS	8
2991	PQS/PIS type	 PQS/PIS	7
2993	Types	Types	1
2994	Types		2
2995	Types	Types	3
2996	Types	Tipos	4
2997	Types	Other: Types	5
2998	Types		6
3000	Types	Cc loi	8
2999	Types		7
3001	Facility types	Facility types	1
3002	Facility types	 	2
3003	Facility types	Types d'tablissements	3
3004	Facility types	Tipos de Establecimiento	4
3005	Facility types	Other: Facility types	5
3006	Facility types	 	6
3008	Facility types	Cc loi c s	8
3007	Facility types	 	7
3009	User by Facility	User by Facility	1
3010	User by Facility	  	2
3011	User by Facility	Utilisateur par tablissement	3
3012	User by Facility	Usuario Por Establecimiento	4
3013	User by Facility	Other: User by Facility	5
3014	User by Facility	  	6
3016	User by Facility	Ngi dng theo c s	8
3015	User by Facility	,  	7
3017	Users	Users	1
3018	Users		2
3019	Users	Utilisateurs	3
3020	Users	Usuarios	4
3021	Users	Other: Users	5
3022	Users		6
3024	Users	Ngi dng	8
3023	Users		7
3025	vaccinator	Vaccinator	1
3026	vaccinator		2
3027	vaccinator	Vaccinateur	3
3028	vaccinator	Vacunador	4
3029	vaccinator	Other: Vaccinator	5
3030	vaccinator		6
3032	vaccinator	Cn b tim vc-xin	8
3031	vaccinator		7
3033	Value	Value	1
3034	Value		2
3035	Value	Valeur	3
3036	Value	Valor	4
3037	Value	Other: Value	5
3038	Value		6
3040	Value	Gi tr	8
3039	Value		7
3041	Value:	Value:	1
3042	Value:	:	2
3043	Value:	Valeur:	3
3044	Value:	Valor:	4
3045	Value:	Other: Value:	5
3046	Value:	:	6
3048	Value:	Gi tr:	8
3047	Value:	:	7
3049	Version	Version	1
3050	Version		2
3051	Version	Version	3
3052	Version	Versin	4
3053	Version	Other: Version	5
3054	Version		6
3056	Version	Phin bn	8
3055	Version		7
3057	Please change values and try again	Please change values and try again	1
3058	Please change values and try again	     	2
3059	Please change values and try again	Veuiller changer les valeurs et reessayer	3
3060	Please change values and try again	Por Favor Cambiar Valores e Intentar de Nuevo	4
3061	Please change values and try again	Other: Please change values and try again	5
3062	Please change values and try again	,     	6
3064	Please change values and try again	Vui lng thay i gi tr v th li	8
3063	Please change values and try again	    	7
3065	Please enter username	Please enter username	1
3066	Please enter username	   	2
3067	Please enter username	Veuiller entrer le nom d'utilisateur	3
3068	Please enter username	Por Favor Ingresar Nombre de Usuario	4
3069	Please enter username	Other: Please enter username	5
3070	Please enter username	,   	6
3072	Please enter username	Vui lng nhp tn ngi dng	8
3071	Please enter username	 	7
3073	Please select	Please select	1
3074	Please select	  ...	2
3075	Please select	Veuillez slectionner	3
3076	Please select	Por Favor Seleccionar	4
3077	Please select	Other: Please select	5
3078	Please select	 	6
3080	Please select	Vui lng chn	8
3079	Please select		7
3081	View Reports	View reports	1
3082	View Reports	 	2
3083	View Reports	Visualiser les rapports	3
3084	View Reports	Ver Reportes	4
3085	View Reports	Other: View reports	5
3086	View Reports	 	6
3088	View Reports	Xem bo co	8
3087	View Reports	 	7
3089	See all Maintenance	See all maintenance services	1
3090	See all Maintenance	    	2
3091	See all Maintenance	Voir tous les services de maintenance	3
3092	See all Maintenance	Ver Todos Los Servicios de Mantenimiento	4
3093	See all Maintenance	Other: See all maintenance services	5
3094	See all Maintenance	     	6
3096	See all Maintenance	Xem tt c dch v bo dng	8
3095	See all Maintenance	     	7
3097	you cant't delete a facility which has sub facilities and items	you cant't delete a facility which has sub facilities and items	1
3098	you cant't delete a facility which has sub facilities and items	        	2
3099	you cant't delete a facility which has sub facilities and items	Vous ne pouver pas supprimer un tablissement avec dpendants et articles	3
3100	you cant't delete a facility which has sub facilities and items	No Puede Eliminar Establecimientos En Los Cuales Hayan Subestablecimientos Y Artculos	4
3101	you cant't delete a facility which has sub facilities and items	Other: you cant't delete a facility which has sub facilities and items	5
3102	you cant't delete a facility which has sub facilities and items	    ,      	6
3104	you cant't delete a facility which has sub facilities and items	bn khng th xa mt c s c cc c s tuyn di v cc thit b	8
3103	you cant't delete a facility which has sub facilities and items	    ',   '  	7
3105	Import from assistance tool	Import from assistance tool	1
3106	Import from assistance tool	   	2
3107	Import from assistance tool	Importation de l'outil d'assistance	3
3108	Import from assistance tool	Importar Desde Herramientas de Ayuda	4
3109	Import from assistance tool	Other: Import from assistance tool	5
3110	Import from assistance tool	   	6
3112	Import from assistance tool	Nhp t cng c tr gip	8
3111	Import from assistance tool	   	7
3113	Fields of Items categories	Fields of Items categories	1
3114	Fields of Items categories	  	2
3115	Fields of Items categories	Champs de catgories d'articles	3
3116	Fields of Items categories	Campos del Tipo de Elemento	4
3117	Fields of Items categories	Other: Fields of Items categories	5
3118	Fields of Items categories	   	6
3120	Fields of Items categories	Cc trng ca danh mc thit b	8
3119	Fields of Items categories	  	7
3121	We've been looking everywhere, nothing was found ...	We looked everywhere. Nothing was found !	1
3122	We've been looking everywhere, nothing was found ...	   .       ...!	2
3123	We've been looking everywhere, nothing was found ...	Nous avons regard partout. Rien n'a t trouv!	3
3124	We've been looking everywhere, nothing was found ...	Buscamos En Todos Lados. No Se Encotr Nada!	4
3125	We've been looking everywhere, nothing was found ...	Other: We looked everywhere. Nothing was found !	5
3126	We've been looking everywhere, nothing was found ...	  .    	6
3128	We've been looking everywhere, nothing was found ...	Khng tm thy thng tin	8
3127	We've been looking everywhere, nothing was found ...	  .    ...!	7
3129	Type of immunization services	Type of immunization services	1
3130	Type of immunization services	  	2
3131	Type of immunization services	Type de services de vaccination	3
3132	Type of immunization services	Tipos de Servicios de Inmunizacin	4
3133	Type of immunization services	Other: Type of immunization services	5
3134	Type of immunization services	  	6
3136	Type of immunization services	Loi dch v tim chng	8
3135	Type of immunization services	   	7
3137	Other fields Item 4	Other fields Item 4	1
3138	Other fields Item 4	   4	2
3139	Other fields Item 4	Autres champs Article 4	3
3140	Other fields Item 4	Otros Campos Articulo 4	4
3141	Other fields Item 4	Other: Other fields Item 4	5
3142	Other fields Item 4	   4	6
3144	Other fields Item 4	Cc trng khc Mc 4	8
3143	Other fields Item 4	   4	7
3145	Planning for Cold Chain Equipment Gap	Planning for Cold Chain Equipment Gap	1
3146	Planning for Cold Chain Equipment Gap	    	2
3147	Planning for Cold Chain Equipment Gap	Planification de l'cart d'quipement de la chane du froid	3
3148	Planning for Cold Chain Equipment Gap	Planificacin para la Brecha para la Cadena de Equipo de Frio	4
3149	Planning for Cold Chain Equipment Gap	Other: Planning for Cold Chain Equipment Gap	5
3150	Planning for Cold Chain Equipment Gap	     	6
3152	Planning for Cold Chain Equipment Gap	Lp k hoch cho khong trng v thit b dy chuyn lnh	8
3151	Planning for Cold Chain Equipment Gap	    	7
3153	Sub-Facilities defined	Sub-Facilities defined	1
3154	Sub-Facilities defined	  	2
3155	Sub-Facilities defined	Sous-facilits dfinies	3
3156	Sub-Facilities defined	Sub Establecimiento Definido	4
3157	Sub-Facilities defined	Other: Sub-Facilities defined	5
3158	Sub-Facilities defined	  	6
3160	Sub-Facilities defined	C s tuyn di c xc nh	8
3159	Sub-Facilities defined	 	7
3161	Cold Room	Cold Room	1
3162	Cold Room	 	2
3163	Cold Room	Chambre froide	3
3164	Cold Room	Cuarto Fro	4
3165	Cold Room	Other: Cold Room	5
3166	Cold Room	 	6
3168	Cold Room	Bung lnh	8
3167	Cold Room	 	7
3169	Freezer Net Capacity	Freezer Net Capacity	1
3170	Freezer Net Capacity	  	2
3171	Freezer Net Capacity	Capacit nette du conglateur	3
3172	Freezer Net Capacity	Capacidad Neta de Congelador	4
3173	Freezer Net Capacity	Other: Freezer Net Capacity	5
3174	Freezer Net Capacity	  	6
3176	Freezer Net Capacity	Dung tch bo qun m	8
3175	Freezer Net Capacity	  	7
3177	Please select a facility	Please select a facility	1
3178	Please select a facility	  	2
3179	Please select a facility	Veuillez slectionner une installation	3
3180	Please select a facility	Porfavor Escoger Un Establecimiento	4
3181	Please select a facility	Other: Please select a facility	5
3182	Please select a facility	,  	6
3184	Please select a facility	Vui lng chn mt c s	8
3183	Please select a facility	 '	7
3185	Sender	Sender	1
3186	Sender		2
3187	Sender	Expditeur	3
3188	Sender	Remitente	4
3189	Sender	Other: Sender	5
3190	Sender		6
3192	Sender	Ngi gi	8
3191	Sender		7
3193	Body	Body	1
3194	Body		2
3195	Body	Corps	3
3196	Body	Cuerpo del Mensaje	4
3197	Body	Other: Body	5
3198	Body		6
3200	Body	Thn	8
3199	Body		7
3201	Edit Message	Edit Message	1
3202	Edit Message	 	2
3203	Edit Message	Modifier le message	3
3204	Edit Message	Editar Mensaje	4
3205	Edit Message	Other: Edit Message	5
3206	Edit Message	 	6
3208	Edit Message	Sa tin nhn	8
3207	Edit Message	 	7
3209	Items category list	Items category list	1
3210	Items category list	  	2
3211	Items category list	Liste des catgories d'lments	3
3212	Items category list	Lista de Categora de Artculos	4
3213	Items category list	Other: Items category list	5
3214	Items category list	  	6
3216	Items category list	Danh sch danhmc thit b	8
3215	Items category list	  	7
3217	Planned	Planned	1
3218	Planned		2
3219	Planned	Prvu	3
3220	Planned	Planeado	4
3221	Planned	Other: Planned	5
3222	Planned		6
3224	Planned	 lp k hoch	8
3223	Planned		7
3225	Click on map too add location	Click on map too add location	1
3226	Click on map too add location	     	2
3227	Click on map too add location	Cliquez sur la carte aussi ajouter l'emplacement	3
3228	Click on map too add location	Click En El Mapa para Agregar Localizacin	4
3229	Click on map too add location	Other: Click on map too add location	5
3230	Click on map too add location	     	6
3232	Click on map too add location	Nhp vo bn   thm v tr	8
3231	Click on map too add location	      	7
3233	Get current location	Get current location	1
3234	Get current location	   	2
3235	Get current location	Obtenir l'emplacement actuel	3
3236	Get current location	Obtener Localizacin Actual	4
3237	Get current location	Other: Get current location	5
3238	Get current location	  	6
3240	Get current location	Ly v tr hin ti	8
3239	Get current location	  	7
3241	Profile	Profile	1
3242	Profile	 	2
3243	Profile	Profil	3
3244	Profile	Perfil	4
3245	Profile	Other: Profile	5
3246	Profile		6
3248	Profile	H s	8
3247	Profile		7
3249	Change password	Change password	1
3250	Change password	  	2
3251	Change password	Changer le mot de passe	3
3252	Change password	Cambiar Contrasea	4
3253	Change password	Other: Change password	5
3254	Change password	 	6
3256	Change password	Thay i mt khu	8
3255	Change password	 	7
3257	Old password	Old password	1
3258	Old password	  	2
3259	Old password	Ancien mot de passe	3
3260	Old password	Contrasea Anterior	4
3261	Old password	Other: Old password	5
3262	Old password	 	6
3264	Old password	Mt khu c	8
3263	Old password	 	7
3265	New passowrd	New passowrd	1
3266	New passowrd	  	2
3267	New passowrd	Nouveau passowrd	3
3268	New passowrd	Nueva Contrasea	4
3269	New passowrd	Other: New passowrd	5
3270	New passowrd	 	6
3272	New passowrd	Mt khu mi	8
3271	New passowrd	 	7
3273	Confirm new password	Confirm new password	1
3274	Confirm new password	   	2
3275	Confirm new password	Confirmer le nouveau mot de passe	3
3276	Confirm new password	Confirmar Nueva Contrasea	4
3277	Confirm new password	Other: Confirm new password	5
3278	Confirm new password	  	6
3280	Confirm new password	Xc nhn mt khu mi	8
3279	Confirm new password	  	7
3281	Please fill all the fields	Please fill all the fields	1
3282	Please fill all the fields	   	2
3283	Please fill all the fields	Veuillez remplir tous les champs	3
3284	Please fill all the fields	Porfavor Llenar Todos Los Campos	4
3285	Please fill all the fields	Other: Please fill all the fields	5
3286	Please fill all the fields	,   	6
3288	Please fill all the fields	Vui lng in vo tt c cc trng	8
3287	Please fill all the fields	 ,   	7
3289	confirm pass is wrong	confirm pass is wrong	1
3290	confirm pass is wrong	   	2
3291	confirm pass is wrong	Confirmer la passe est errone	3
3292	confirm pass is wrong	Confirme Que El Pase Es Incorrecto	4
3293	confirm pass is wrong	Other: confirm pass is wrong	5
3294	confirm pass is wrong	  	6
3296	confirm pass is wrong	xc nhn sai mt khu	8
3295	confirm pass is wrong	  -  	7
3297	password must be contain charechters	password must be contain charechters	1
3298	password must be contain charechters	      	2
3299	password must be contain charechters	Le mot de passe doit contenir des charchres	3
3300	password must be contain charechters	Contrasea Debe Contener Caracteres	4
3301	password must be contain charechters	Other: password must be contain charechters	5
3302	password must be contain charechters	      	6
3304	password must be contain charechters	mt khu phi cha cc k t	8
3303	password must be contain charechters	   Charechters	7
3305	password must be contain numerical charecters	password must be contain numerical charecters	1
3306	password must be contain numerical charecters	       	2
3307	password must be contain numerical charecters	Le mot de passe doit contenir des charteurs numriques	3
3308	password must be contain numerical charecters	Contrasea Debe Contener Caracters Numricos	4
3309	password must be contain numerical charecters	Other: password must be contain numerical charecters	5
3310	password must be contain numerical charecters	      	6
3312	password must be contain numerical charecters	mt khu phi cha cc k t s	8
3311	password must be contain numerical charecters	    	7
3313	password length must be larger than 8	password length must be larger than 8	1
3314	password length must be larger than 8	        8	2
3315	password length must be larger than 8	La longueur du mot de passe doit tre suprieure  8	3
3316	password length must be larger than 8	la Longitud de la Contrasea Debe Ser de Mas de 8 Caracteres	4
3317	password length must be larger than 8	Other: password length must be larger than 8	5
3318	password length must be larger than 8	     8 	6
3320	password length must be larger than 8	 di mt khu phi nhiu hn 8 k t	8
3319	password length must be larger than 8	      8	7
3321	Password change succesfully	Password change succesfully	1
3322	Password change succesfully	   	2
3323	Password change succesfully	Changement de mot de passe avec succs	3
3324	Password change succesfully	Cambio de Contrasea Exitosa	4
3325	Password change succesfully	Other: Password change succesfully	5
3326	Password change succesfully	  	6
3328	Password change succesfully	i mt khu thnh cng	8
3327	Password change succesfully	  	7
3329	Old password is not correct	Old password is not correct	1
3330	Old password is not correct	    	2
3331	Old password is not correct	L'ancien mot de passe n'est pas correct	3
3332	Old password is not correct	Contrasea Anterior No Es Correcta	4
3333	Old password is not correct	Other: Old password is not correct	5
3334	Old password is not correct	  	6
3336	Old password is not correct	Mt khu c khng ng	8
3335	Old password is not correct	   	7
3337	Password is too common	Password is too common	1
3338	Password is too common	   	2
3339	Password is too common	Le mot de passe est trop courant	3
3340	Password is too common	Contrasea es muy Com	4
3341	Password is too common	Other: Password is too common	5
3342	Password is too common	  	6
3344	Password is too common	Mt khu qu ph thng	8
3343	Password is too common	  	7
3345	Update profile	Update profile	1
3346	Update profile	  	2
3347	Update profile	Mettre  jour le profil	3
3348	Update profile	Actualizar Perfil	4
3349	Update profile	Other: Update profile	5
3350	Update profile	 	6
3352	Update profile	Cp nht h s	8
3351	Update profile	 	7
3353	Profile update succesfully	Profile update succesfully	1
3354	Profile update succesfully	   	2
3355	Profile update succesfully	Mise  jour du profil avec succs	3
3356	Profile update succesfully	Actualizacin de Perfil Es Exitoso	4
3357	Profile update succesfully	Other: Profile update succesfully	5
3358	Profile update succesfully	  	6
3360	Profile update succesfully	Cp nht h s thnh cng	8
3359	Profile update succesfully	  	7
3361	Update profile failed	Update profile failed	1
3362	Update profile failed	   	2
3363	Update profile failed	Mise  jour du profil a chou	3
3364	Update profile failed	Actualizacin del Perfil Fall	4
3365	Update profile failed	Other: Update profile failed	5
3366	Update profile failed	   	6
3368	Update profile failed	Cp nht h s tht bi	8
3367	Update profile failed	   	7
3369	Type 1	Type 1	1
3370	Type 1	 1	2
3371	Type 1	Type 1	3
3372	Type 1	Tipo 1	4
3373	Type 1	Other: Type 1	5
3374	Type 1	 1	6
3376	Type 1	Loi 1	8
3375	Type 1	 1	7
3377	Type 2	Type 2	1
3378	Type 2	 2	2
3379	Type 2	Type 2	3
3380	Type 2	Tipo 2	4
3381	Type 2	Other: Type 2	5
3382	Type 2	 2	6
3384	Type 2	Loi 2	8
3383	Type 2	 2	7
3385	Type 3	Type 3	1
3386	Type 3	 3	2
3387	Type 3	Type 3	3
3388	Type 3	Tipo 3	4
3389	Type 3	Other: Type 3	5
3390	Type 3	 3	6
3392	Type 3	Loi 3	8
3391	Type 3	 3	7
3393	Type 4	Type 4	1
3394	Type 4	 4	2
3395	Type 4	Type 4	3
3396	Type 4	Tipo 4	4
3397	Type 4	Other: Type 4	5
3398	Type 4	 4	6
3400	Type 4	Loi 4	8
3399	Type 4	 4	7
3401	Type 5	Type 5	1
3402	Type 5	 5	2
3403	Type 5	Type 5	3
3404	Type 5	Tipo 5	4
3405	Type 5	Other: Type 5	5
3406	Type 5	 5	6
3408	Type 5	Loi 5	8
3407	Type 5	 5	7
3409	Type 6	Type 6	1
3410	Type 6	 6	2
3411	Type 6	Type 6	3
3412	Type 6	Tipo 6	4
3413	Type 6	Other: Type 6	5
3414	Type 6	 6	6
3416	Type 6	Loi 6	8
3415	Type 6	 6	7
3417	Help	Help	1
3418	Help		2
3419	Help	Aider	3
3420	Help	Ayuda	4
3421	Help	Other: Help	5
3422	Help		6
3424	Help	Tr gip	8
3423	Help		7
3425	7 Days	7 Days	1
3426	7 Days	7 	2
3427	7 Days	7 jours	3
3428	7 Days	7 Dias	4
3429	7 Days	Other: 7 Days	5
3430	7 Days	7 	6
3432	7 Days	7 ngy	8
3431	7 Days	7 	7
3433	3 Days	3 Days	1
3434	3 Days	3 	2
3435	3 Days	3 jours	3
3436	3 Days	3 Das	4
3437	3 Days	Other: 3 Days	5
3438	3 Days	3 	6
3440	3 Days	3 ngy	8
3439	3 Days	3 	7
3441	Edit maintenance group	Edit maintenance group	1
3442	Edit maintenance group	  	2
3443	Edit maintenance group	Modifier le groupe de maintenance	3
3444	Edit maintenance group	Editar Grupo de Mantenimiento	4
3445	Edit maintenance group	Other: Edit maintenance group	5
3446	Edit maintenance group	    	6
3448	Edit maintenance group	Sa nhm bo dng	8
3447	Edit maintenance group	   	7
3449	Edit maintenance service	Edit maintenance service	1
3450	Edit maintenance service	  	2
3451	Edit maintenance service	Modifier le service de maintenance	3
3452	Edit maintenance service	Editar Grupo de Servicio	4
3453	Edit maintenance service	Other: Edit maintenance service	5
3454	Edit maintenance service	    	6
3456	Edit maintenance service	Sa dch v bo dng	8
3455	Edit maintenance service	   	7
3457	Choose file	Choose file	1
3459	Choose file	Choisir le fichier	3
3460	Choose file	Escoger Archivo	4
3461	Choose file	Other: Choose file	5
3462	Choose file	 	6
3464	Choose file	Chn tp	8
3463	Choose file	 	7
3465	No file chosen	No file chosen	1
3466	No file chosen	    	2
3467	No file chosen	Aucun fichier choisi	3
3468	No file chosen	No Ha Escogido Archivo	4
3469	No file chosen	Other: No file chosen	5
3470	No file chosen	   	6
3472	No file chosen	Khng tp no c chn	8
3471	No file chosen	   	7
3473	Number of the same items with the same condition in this facility	Number of the same items with the same condition in this facility	1
3474	Number of the same items with the same condition in this facility	         	2
3475	Number of the same items with the same condition in this facility	Nombre des mmes articles avec la mme condition dans cette installation\n	3
3476	Number of the same items with the same condition in this facility	Nmero de los mismos artculos con la misma condicin en este Entorno	4
3477	Number of the same items with the same condition in this facility	Other: Number of the same items with the same condition in this facility	5
3478	Number of the same items with the same condition in this facility	        	6
3480	Number of the same items with the same condition in this facility	S lng cc thit b ging nhau vi cng iu kin trong c s ny	8
3479	Number of the same items with the same condition in this facility	         \n	7
3481	population is required	population is required	1
3482	population is required	 	2
3483	population is required	La population est requise	3
3484	population is required	Se requiere Poblacin	4
3485	population is required	Other: population is required	5
3486	population is required	   	6
3488	population is required	Yu cu v dn s	8
3487	population is required	 	7
3489	level is not valid	level is not valid	1
3490	level is not valid	  	2
3491	level is not valid	Le niveau n'est pas valide	3
3492	level is not valid	El Nivel No Es Valido	4
3493	level is not valid	Other: level is not valid	5
3494	level is not valid	 	6
3496	level is not valid	tuyn khng hp l	8
3495	level is not valid	   	7
3497	level is required	level is required	1
3498	level is required	 	2
3499	level is required	le niveau est requis	3
3500	level is required	Se Requiere Nivel	4
3501	level is required	Other: level is required	5
3502	level is required	 	6
3504	level is required	yu cu v tuyn	8
3503	level is required	 	7
3505	parentid is required	parentid is required	1
3506	parentid is required	  	2
3507	parentid is required	parentid est requis	3
3508	parentid is required	Se Requiere Padres	4
3509	parentid is required	Other: parentid is required	5
3510	parentid is required	  	6
3512	parentid is required	yu cu v tuyn trn	8
3511	parentid is required	ParentId 	7
3513	parentid is not valid	parentid is not valid	1
3514	parentid is not valid	    	2
3515	parentid is not valid	Parentid n'est pas valable	3
3516	parentid is not valid	Los Padres No Son Validos	4
3517	parentid is not valid	Other: parentid is not valid	5
3518	parentid is not valid	  	6
3520	parentid is not valid	tuyn trn khng hp l	8
3519	parentid is not valid	BarentID   	7
3521	population is not valid	population is not valid	1
3522	population is not valid	   	2
3523	population is not valid	La population n'est pas valable	3
3524	population is not valid	la Poblacin No Es Valida	4
3525	population is not valid	Other: population is not valid	5
3526	population is not valid	 	6
3528	population is not valid	dn s khng hp l	8
3527	population is not valid	  	7
3529	code is not unique	code is not unique	1
3530	code is not unique	    	2
3531	code is not unique	Le code n'est pas unique	3
3532	code is not unique	El Codigo No Es Unico	4
3533	code is not unique	Other: code is not unique	5
3534	code is not unique	   	6
3536	code is not unique	m khng khc bit	8
3535	code is not unique	  	7
3537	Please fill the fields with right format	Please fill the fields with right format	1
3538	Please fill the fields with right format	    	2
3611	Bsc	BSc	3
3539	Please fill the fields with right format	Veuillez remplir les champs avec le bon format	3
3540	Please fill the fields with right format	Complete Los Campos Con El Formato Correcto	4
3541	Please fill the fields with right format	Other: Please fill the fields with right format	5
3542	Please fill the fields with right format	,     	6
3544	Please fill the fields with right format	Vui lng in vo cc trng theo ng nh dng	8
3543	Please fill the fields with right format	 ,    	7
3545	Maximum population must be greater than minimum value	Maximum population must be greater than minimum value	1
3546	Maximum population must be greater than minimum value	           	2
3547	Maximum population must be greater than minimum value	La population maximale doit tre suprieure  la valeur minimale	3
3548	Maximum population must be greater than minimum value	la Poblacin Mxima Debe Ser Mayor Que El Valor Mnimo.	4
3549	Maximum population must be greater than minimum value	Other: Maximum population must be greater than minimum value	5
3550	Maximum population must be greater than minimum value	        	6
3552	Maximum population must be greater than minimum value	Dn s ti a phi ln hn dn s ti thiu	8
3551	Maximum population must be greater than minimum value	    ,   	7
3553	Download sample excel file	Download sample excel file	1
3554	Download sample excel file	   Excel	2
3555	Download sample excel file	Tlcharger Exemple de fichier Excel	3
3556	Download sample excel file	Descargar Archivo de Muestra de Excel	4
3557	Download sample excel file	Other: Download sample excel file	5
3558	Download sample excel file	  excel-	6
3560	Download sample excel file	Ti v tp excel mu	8
3559	Download sample excel file	   Excel	7
3561	Is this item from PQS/PIS list?	Is this item from PQS/PIS list?	1
3562	Is this item from PQS/PIS list?	 I    PQS / PIS	2
3563	Is this item from PQS/PIS list?	Cet lment de la liste PQS / PIS est-il?	3
3564	Is this item from PQS/PIS list?	Es este Artculo de la Lista Pqs/Pis?	4
3565	Is this item from PQS/PIS list?	Other: Is this item from PQS/PIS list?	5
3566	Is this item from PQS/PIS list?	    PQS/PIS?	6
3568	Is this item from PQS/PIS list?	Thit b ny c t danh sch PQS/PIS khng?	8
3567	Is this item from PQS/PIS list?	    PQS/PIS?	7
3569	Data imported successfully	Data imported successfully	1
3570	Data imported successfully	   	2
3571	Data imported successfully	Donnes importes avec succs	3
3572	Data imported successfully	Datos Importados con xito	4
3573	Data imported successfully	Other: Data imported successfully	5
3574	Data imported successfully	  	6
3576	Data imported successfully	 nhp d liu thnh cng	8
3575	Data imported successfully	,   	7
3577	Could not find any data with the information provided	Could not find any data with the information provided	1
3578	Could not find any data with the information provided	        	2
3579	Could not find any data with the information provided	N'a pas trouv de donnes avec les informations fournies	3
3580	Could not find any data with the information provided	No Se Pudo Encontrar Ningn Dato Con la Informacin Brindada	4
3581	Could not find any data with the information provided	Other: Could not find any data with the information provided	5
3582	Could not find any data with the information provided	      	6
3584	Could not find any data with the information provided	Khng tm thy d liu no vi thng tin  cung cp	8
3583	Could not find any data with the information provided	       	7
3585	Information	Information	1
3586	Information		2
3587	Information	Informations	3
3588	Information	Informacin	4
3589	Information	Other: Information	5
3590	Information		6
3592	Information	Thng tin	8
3591	Information		7
3593	Item information	Item information	1
3594	Item information	 	2
3595	Item information	Informations sur l'lment	3
3596	Item information	Informacin del Artculo	4
3597	Item information	Other: Item information	5
3598	Item information	  	6
3600	Item information	Thng tin thit b	8
3599	Item information	  	7
3601	Diploma	Diploma	1
3602	Diploma		2
3603	Diploma	Diplme	3
3604	Diploma	Diploma	4
3605	Diploma	Other: Diploma	5
3606	Diploma		6
3608	Diploma	Bng cp	8
3607	Diploma		7
3609	Bsc	BSc	1
3610	Bsc	 	2
3612	Bsc	Bsc	4
3613	Bsc	Other: BSc	5
3614	Bsc		6
3616	Bsc	C nhn khoa hc	8
3615	Bsc		7
3617	SIGN IN	SIGN IN	1
3618	SIGN IN	 	2
3619	SIGN IN	S'IDENTIFIER	3
3620	SIGN IN	Iniciar Sesin	4
3621	SIGN IN	Other: SIGN IN	5
3622	SIGN IN	  	6
3624	SIGN IN	NG NHP	8
3623	SIGN IN		7
3625	Country	Country	1
3626	Country		2
3627	Country	Pays	3
3628	Country	Pas	4
3629	Country	Other: Country	5
3630	Country		6
3632	Country	Quc gia	8
3631	Country		7
3633	No file selected.	No file selected.	1
3634	No file selected.	   	2
3635	No file selected.	Aucun fichier slectionn.	3
3636	No file selected.	Ningn Archivo Seleccionado	4
3637	No file selected.	Other: No file selected.	5
3638	No file selected.	  .	6
3640	No file selected.	Khng tp no c chn.	8
3639	No file selected.	  .	7
3641	Filters	Filters	1
3642	Filters		2
3643	Filters	Filtres	3
3644	Filters	Filtros	4
3645	Filters	Other: Filters	5
3646	Filters		6
3648	Filters	B lc	8
3647	Filters		7
3649	Imported Facilities	Imported Facilities	1
3650	Imported Facilities	 	2
3651	Imported Facilities	tablissements Importes	3
3652	Imported Facilities	Entornos Importados	4
3653	Imported Facilities	Other: Imported Facilities	5
3654	Imported Facilities	 	6
3656	Imported Facilities	 nhp c s	8
3655	Imported Facilities	 	7
3657	Upload image	Upload image	1
3658	Upload image	 	2
3659	Upload image	Tlcharger l'image	3
3660	Upload image	Cargar Imagen	4
3661	Upload image	Other: Upload image	5
3662	Upload image	 	6
3664	Upload image	Ti ln hnh nh	8
3663	Upload image	 	7
3665	Facility Level	Facility Level	1
3666	Facility Level	 	2
3667	Facility Level	Niveau de l'installation	3
3668	Facility Level	Nivel de Instalacin	4
3669	Facility Level	Other: Facility Level	5
3670	Facility Level	 	6
3672	Facility Level	Tuyn ca c s	8
3671	Facility Level	 '	7
3673	Message sent successfully	Message sent successfully	1
3674	Message sent successfully	   	2
3675	Message sent successfully	message envoy avec succs	3
3676	Message sent successfully	Mensaje enviado con xito	4
3677	Message sent successfully	Other: Message sent successfully	5
3678	Message sent successfully	  	6
3680	Message sent successfully	Tin nhn c gi thnh cng	8
3679	Message sent successfully	  	7
3681	There is a problem sending message	There is a problem sending message	1
3682	There is a problem sending message	    	2
3683	There is a problem sending message	Il y a un problme d'envoi de message	3
3684	There is a problem sending message	Hay un problema para enviar un mensaje	4
3685	There is a problem sending message	Other: There is a problem sending message	5
3686	There is a problem sending message	    	6
3688	There is a problem sending message	C mt vn  gi tin nhn	8
3687	There is a problem sending message	   	7
3689	Please select at least one facility	Please select at least one facility	1
3690	Please select at least one facility	     	2
3691	Please select at least one facility	Veuillez slectionner au moins une installation	3
3692	Please select at least one facility	Seleccione al menos una instalacin	4
3693	Please select at least one facility	Other: Please select at least one facility	5
3694	Please select at least one facility	,     	6
3696	Please select at least one facility	Vui lng chn t nht mt c s	8
3695	Please select at least one facility	   '	7
3697	unread messages	unread messages	1
3698	unread messages	  	2
3699	unread messages	messages non lus	3
3700	unread messages	Mensajes no ledos	4
3701	unread messages	Other: unread messages	5
3702	unread messages	 	6
3704	unread messages	Tin nhn cha c	8
3703	unread messages	 	7
3705	You have	You have	1
3706	You have		2
3708	You have	T tienes	4
3709	You have	Other: You have	5
3710	You have	  	6
3712	You have	Bn c	8
3711	You have	 	7
3713	Read selected messages	Read selected messages	1
3714	Read selected messages	  	2
3715	Read selected messages	Lire les messages slectionns	3
3716	Read selected messages	Leer mensajes seleccionados	4
3717	Read selected messages	Other: Read selected messages	5
3718	Read selected messages	  	6
3720	Read selected messages	c cc tin nhn  chn	8
3719	Read selected messages	  	7
3721	Messages readed succesfully	Messages readed succesfully	1
3722	Messages readed succesfully	     	2
3723	Messages readed succesfully	Messages lus avec succs	3
3724	Messages readed succesfully	Mensajes que se leen con xito	4
3725	Messages readed succesfully	Other: Messages readed succesfully	5
3726	Messages readed succesfully	  	6
3728	Messages readed succesfully	Tin nhn c c thnh cng	8
3727	Messages readed succesfully	,  	7
3729	Problem in reading messages	Problem in reading messages	1
3730	Problem in reading messages	   	2
3731	Problem in reading messages	Problme dans la lecture des messages	3
3732	Problem in reading messages	Problema en la lectura de mensajes	4
3733	Problem in reading messages	Other: Problem in reading messages	5
3734	Problem in reading messages	   	6
3736	Problem in reading messages	Vn  trong vic c tin nhn	8
3735	Problem in reading messages	  	7
\.


--
-- Data for Name: maintanance_activemaintance; Type: TABLE DATA; Schema: public; Owner: postgres
--

COPY public.maintanance_activemaintance (id, enable, created_at, updated_at, maintanance_id, maintanncegp_id) FROM stdin;
\.


--
-- Data for Name: maintanance_donemaintance; Type: TABLE DATA; Schema: public; Owner: postgres
--

COPY public.maintanance_donemaintance (id, done, created_at, updated_at, item_id, maintanance_id, maintanncegp_id) FROM stdin;
\.


--
-- Data for Name: maintanance_maintanance; Type: TABLE DATA; Schema: public; Owner: postgres
--

COPY public.maintanance_maintanance (id, code, name, enable, freq, requires, freq_in_loc, item_class_id, item_type_id) FROM stdin;
\.


--
-- Data for Name: maintanance_maintancegp; Type: TABLE DATA; Schema: public; Owner: postgres
--

COPY public.maintanance_maintancegp (id, name, enable, created_at, updated_at, item_class_id, item_type_id) FROM stdin;
\.


--
-- Data for Name: maintanance_todomaintance; Type: TABLE DATA; Schema: public; Owner: postgres
--

COPY public.maintanance_todomaintance (id, done, created_at, updated_at, item_id, maintanance_id, maintanncegp_id) FROM stdin;
\.


--
-- Data for Name: message_message; Type: TABLE DATA; Schema: public; Owner: postgres
--

COPY public.message_message (id, subject, body, created_at, updated_at, reciever_id, sender_id, read) FROM stdin;
\.


--
-- Data for Name: message_readedmessage; Type: TABLE DATA; Schema: public; Owner: postgres
--

COPY public.message_readedmessage (id, created_at, updated_at, message_id, user_id) FROM stdin;
\.


--
-- Data for Name: related_facilityparam; Type: TABLE DATA; Schema: public; Owner: postgres
--

COPY public.related_facilityparam (id, "order", fieldid_id) FROM stdin;
1	1	51
2	2	27
3	2	11
4	3	25
5	4	26
6	5	69
7	6	33
8	7	34
9	8	49
10	9	53
11	10	37
12	11	4
\.


--
-- Data for Name: related_facilityparamdescription; Type: TABLE DATA; Schema: public; Owner: postgres
--

COPY public.related_facilityparamdescription (id, name, "order", enabled, paramid_id) FROM stdin;
\.


--
-- Data for Name: related_facilityvalidation; Type: TABLE DATA; Schema: public; Owner: postgres
--

COPY public.related_facilityvalidation (id, digits, min, max, "float", floating, fieldid_id) FROM stdin;
1	-1	-1	-1	f	-1	7
2	4	1990	2022	f	-1	23
3	-1	0	-1	t	1	28
4	2	0	31	f	-1	30
5	2	0	31	f	-1	36
6	-1	0	-1	t	2	62
7	3	0	100	f	-1	39
8	3	0	100	f	-1	40
9	3	0	100	f	-1	41
10	3	0	100	f	-1	42
11	-1	0	-1	f	-1	43
12	-1	0	-1	f	-1	44
13	-1	0	-1	f	-1	45
14	-1	0	-1	f	-1	46
15	-1	0	-1	f	-1	47
16	3	0	300	f	-1	55
17	3	0	50	f	-1	56
18	3	0	50	f	-1	57
19	3	0	50	f	-1	58
20	3	0	50	f	-1	59
21	3	0	50	f	-1	60
22	-1	0	-1	t	2	61
\.


--
-- Data for Name: related_field; Type: TABLE DATA; Schema: public; Owner: postgres
--

COPY public.related_field (id, name, topic, type, state) FROM stdin;
1	Type	Type	select	TypeP
2	Manufacturer	Type	select	Manufacturer
3	Model	Type	text	Model
4	Type 1	Type	select	Type1
5	Type 2	Type	select	Type2
6	Type 3	Type	select	Type3
7	Type 4	Type	select	Type4
8	Type 5	Type	select	Type5
9	Type 6	Type	select	Type1P
10	Height (in XX)	Physical fields	number	Height
11	Width (in XX)	Physical fields	number	Width
12	Length (in XX)	Physical fields	number	Length
13	Gross volume (in XX)	Physical fields	number	GrossVolume
14	Net shipping volume (m3)	Physical fields	number	NetShippingVolume
15	Weight (kg)	Physical fields	number	Weightkg
16	External size	Physical fields	text	ExternalSize
17	Number of doors	Physical fields	number	NumberOfDoors
18	Is there inside door?	Physical fields	bool	IsThereInsideDoor
19	Does it have an alarm system?	Physical fields	bool	DoesItHaveAnAlarmSystem
20	Does is have adequate shelves?	Physical fields	bool	DoesItHaveAdequateShelves
21	Does it have curtain?	Physical fields	bool	DoesItHaveCurtain
22	Physical conditions:	Condition fields	select	PhysicalConditions
23	Technical conditions:	Condition fields	select	TechnicalConditions
24	Working conditions:	Condition fields	select	WorkingConditions
25	Is it functioning?	Condition fields	bool	IsItFunctioning
26	Not in use since (XX):	Condition fields	number	NotInUseSince
27	Reasons for not functioning:	Condition fields	select	ReasonsForNotFunctioning
28	Year installed:	Condition fields	number	YearInstalled
29	Running time (hours)	Condition fields	number	RunningTime
30	Running time (km)	Condition fields	number	RunningTimeKm
31	Storage condition (in degree C):	Fields specific to cold chain equipment	select	StorageCondition
32	Net vaccine storage capacity (lit.):	Fields specific to cold chain equipment	number	NetVaccineStorageCapacity
33	Energy source for cold chain equipment:	Fields specific to cold chain equipment	select	EnergySource
34	Freezer net capacity (lit.)	Fields specific to cold chain equipment	number	FreezerNetCapacity
35	Ice making capacity (Kg/24 hours)	Fields specific to cold chain equipment	number	IceMakingCapacity
36	Cool water production capacity (Kg/24 hours)	Fields specific to cold chain equipment	number	CoolWaterProductionCapacity
37	Number of cooling units:	Fields specific to cold chain equipment	number	NumberOfCoolingUnits
38	Working temperature range:	Fields specific to cold chain equipment	text	WorkingTemperatureRange
39	Refrigerant gas:	Fields specific to cold chain equipment	text	RefrigerantGas
40	Is the refrigerant gas CFC-free?	Fields specific to cold chain equipment	bool	IsTheRefrigerantGasCFCFree
41	Does it have freezing compartment?	Fields specific to cold chain equipment	bool	DoesItHaveFreezingCompartment
42	Does it have continuous temperature monitoring device? 	Fields specific to cold chain equipment	bool	DoesItHaveContinuousTemperatureMonitoringDevice
43	Does it have built-in thermometer?	Fields specific to cold chain equipment	bool	DoesItHaveBuiltInThermometer
44	Number of coolant packs required: 	Fields specific to cold chain equipment	number	NumberOfCoolantPacksRequired
45	Coolant pack nominal capacity (lit.):	Fields specific to cold chain equipment	number	CoolantPackNominalCapacity
46	Voltage:	Electrical fields	number	Voltage
47	Phase	Electrical fields	number	Phase
48	Net generated power (kWatt/hour):	Electrical fields	number	NetGeneratedPower
49	Energy source for generators:	Electrical fields	select	EnergySource_generator
50	Does it have an extra fuel tank?	Electrical fields	bool	DoesItHaveAnExtraFuelTank
51	Power or fuel consumption: 	Electrical fields	number	PowerOrFuelConsumption
52	Is there an automatic start-up system?  	Electrical fields	bool	IsThereAnAutomaticStartUpSystem
53	Financial source:	Financial fields	select	FinancialSource
54	Unit cost at present (XXX)	Financial fields	number	UnitCostAtPresent
55	Original cost (XXX)	Financial fields	number	OriginalCost
56	wVSSM code	Different codes	text	wVSSMCode
57	UNICEF Catalogue codes	Different codes	text	UNICEFCatalogueCodes
58	Other code	Different codes	text	OtherCode
59	PQS/PIS code:	PQS/PIS fields	text	PQSPISCode
60	PQS/PIS Type:	PQS/PIS fields	text	PQSPISType
61	PQS/PIS manufacturer:	PQS/PIS fields	text	PQSPISManufacturer
62	PQS/PIS refrigerant gas:	PQS/PIS fields	text	PQSPISRefrigerantGas
63	PQS/PIS temperature working zone	PQS/PIS fields	text	PQSPISTemperatureWorkingZone
64	Does the dry store have adequate lighting?	Dry store fields	bool	DoesTheDryStoreHaveAdequateLighting
65	Does the dry store have heating?	Dry store fields	bool	DoesTheDryStoreHaveHeating
66	Does the dry store have air-conditioning?	Dry store fields	bool	DoesTheDryStoreHaveAirConditioning
67	 Is the dry storage area protected from direct sunlight?	Dry store fields	bool	IsTheDryStorageAreaProtectedFromDirectSunlight
68	Is the dry storage area equipped with pallets in a good  condition?	Dry store fields	bool	IsTheDryStorageArea
69	Is the dry storage area clean, free from accumulated waste and vermin?	Dry store fields	bool	IsTheDryStorageAreaClean
70	Is the dry storage area dry, well-ventilated and protected from moisture?	Dry store fields	bool	IsTheDryStorageAreaDry
71	Is the dry storage area equipped with mechanical moving machines?	Dry store fields	bool	IsTheDryStorageAreaEquippedWithMechanical
72	Surface area (length x width) (m2)	Dry store fields	number	SurfaceArea
73	Accessible height (m)	Dry store fields	number	AccessibleHeight
74	Serial number:	Other additional and optional fields	text	SerialNumber
75	Repair and maintenance history:	Other additional and optional fields	text	RepairAndMaintenanceHistory
76	Maintenance group	Other additional and optional fields	select	MaintenanceGroup
77	Other fields Item 1	Other additional and optional fields	text	OtherFieldsItem1
78	Other fields Item 2	Other additional and optional fields	bool	OtherFieldsItem2
79	Other fields Item 3	Other additional and optional fields	text	OtherFieldsItem3
80	Other fields Item 4	Other additional and optional fields	select	OtherFieldsItemParameter4
81	Item delete reason	Delete	select	delete_reason
\.


--
-- Data for Name: related_itemparam; Type: TABLE DATA; Schema: public; Owner: postgres
--

COPY public.related_itemparam (id, "order", fieldid_id) FROM stdin;
1	12	1
2	2	80
3	3	4
4	4	5
5	5	6
6	6	7
7	7	8
8	8	9
9	9	22
10	10	23
11	11	24
12	13	33
13	14	49
14	15	53
15	16	81
16	16	27
\.


--
-- Data for Name: related_itemparamdescription; Type: TABLE DATA; Schema: public; Owner: postgres
--

COPY public.related_itemparamdescription (id, name, "order", enabled, paramid_id) FROM stdin;
\.


--
-- Data for Name: related_itemvalidation; Type: TABLE DATA; Schema: public; Owner: postgres
--

COPY public.related_itemvalidation (id, digits, min, max, "float", floating, fieldid_id) FROM stdin;
1	-1	0	9999	t	2	10
2	-1	0	9999	t	2	11
3	4	0	9999	t	2	12
4	-1	0	9999	t	2	13
5	-1	0	9999	t	2	14
6	-1	0	9999	t	2	15
7	2	0	10	f	-1	17
8	3	0	365	f	-1	26
9	4	1990	2022	f	-1	28
10	-1	0	-1	f	-1	29
11	-1	0	-1	f	-1	30
12	-1	0	-1	t	2	32
13	-1	0	-1	t	2	34
14	-1	0	-1	t	2	35
15	-1	0	-1	t	2	36
16	2	1	10	f	-1	37
17	-1	0	-1	f	-1	44
18	-1	0	-1	t	2	45
19	3	110	380	f	-1	46
20	-1	0	-1	f	-1	51
21	-1	0	-1	f	-1	81
22	-1	0	-1	f	-1	54
23	-1	0	-1	f	-1	55
24	-1	0	-1	t	2	72
25	-1	0	-1	t	2	73
26	1	1	3	f	-1	47
\.


--
-- Data for Name: related_relatedfacility; Type: TABLE DATA; Schema: public; Owner: postgres
--

COPY public.related_relatedfacility (id, name, active, required, topic, type, state, disabled) FROM stdin;
1	Facility code	t	t	Facility general information	text	code	t
2	Facility name	t	t	Facility general information	text	name	t
3	Level	t	t	Facility general information	select	level	t
4	Facility types	t	t	Facility general information	select	type	t
5	Number of general populations served by this facility:	t	f	Facility general information	number	populationnumber	t
6	Number of under-1 populations served by this facility:	t	f	Facility general information	number	childrennumber	t
7	Number of lower-level facilities served by this facility	t	t	Facility general information	number	loverlevelfac	t
8	Last change on:	t	t	Facility general information	date	updated_at	t
9	Date	t	t	Facility general information	date	created_at	t
10	Staff name completed the information:	t	t	Facility general information	text	completerstaffname	t
11	State/ Province	t	t	Facility general information	select	province	t
12	Zone:	t	f	Facility general information	text	zone	f
13	District:	t	f	Facility general information	text	district	f
14	City:	t	f	Facility general information	text	city	f
15	Address:	t	f	Facility general information	text	address	f
16	Postal code:	t	f	Facility general information	text	postalcode	f
17	Facility national code:	t	f	Facility general information	text	national_code	f
18	Email address:	t	f	Facility general information	text	email	f
19	Phone number:	t	f	Facility general information	text	phone	f
20	GPS coordinates:	t	f	Facility general information	text	gpsCordinate	f
21	Is there any land-phone?	t	f	Facility general information	bool	land_phone	f
22	Is there any internet connection?	t	f	Facility general information	bool	haveinternet	f
23	Year facility was opened:	t	f	Facility general information	number	year	f
24	Is the facility functioning?	t	f	Facility general information	bool	is_functioning	f
25	Climate	t	f	Facility general information	select	climate	f
26	Facility ownership:	t	f	Facility general information	select	ownership	f
27	Type of road from the higher level to this facility:	t	f	Facility general information	select	roadtype	f
28	Distance from higher level to this facility (km)	t	f	Facility general information	number	distancefromparent	f
29	Distance from higher level to this facility in time (hh:mm)	t	f	Facility general information	number	timetoparent	f
30	Number of days facility is open per XX	t	f	Facility general information	number	days_open	f
31	Facility working hours from: (hh:mm)	t	f	Facility general information	number	working_from	f
32	Facility working hours to: (hh:mm)	t	f	Facility general information	number	working_to	f
33	Mode of receiving supplies:	t	f	Facility general information	select	recieve_mode	f
34	Mode of transportation:	t	f	Facility general information	select	transport_mode	f
35	Does facility provide immunization services?	t	f	Information about services provided	bool	haveimmservice	f
36	Number of immunization sessions per xx	t	f	Information about services provided	number	numimmperweek	f
37	Type of immunization services:	t	f	Information about services provided	select	typeimmservice	f
38	Does facility provide vaccination against COVID-19?	t	f	Information about services provided	bool	havecovid19service	f
39	Vaccination coverage of X1 in YY period (%)	t	f	Information about services provided	number	coverageX1	f
40	Vaccination coverage of X2 in YY period (%)	t	f	Information about services provided	number	coverageX2	f
41	Vaccination coverage of X3 in YY period (%)	t	f	Information about services provided	number	coverageX3	f
42	Vaccination coverage of X4 in YY period (%)	t	f	Information about services provided	number	coverageX4	f
43	Number of individuals vaccinated against X1 during YY period	t	f	Information about services provided	number	individualsX1	f
44	Number of individuals vaccinated against X2 during YY period	t	f	Information about services provided	number	individualsX2	f
45	Number of vaccinations against X3 during YY period	t	f	Information about services provided	number	individualsX3	f
46	Number of vaccinations against X4 during YY period	t	f	Information about services provided	number	individualsX4	f
47	Number of existing icepacks:	t	f	Information about services provided	number	number_icepack	f
48	Does the facility provide other services	t	f	Information about services provided	bool	other_service	f
49	Other services:	t	f	Information about services provided	select	other_services	f
50	Is building condition suitable?	t	f	Facility physical conditions	bool	is_suitable	f
51	Reason for building condition not suitable:	t	f	Facility physical conditions	select	is_suitable_reason	f
52	Does the facility have stand-by generator?	t	f	Facility physical conditions	bool	havegen	f
53	Facility power source:	t	f	Facility physical conditions	select	powersource	f
54	Facilities maintenance system (describe):	t	f	Facility physical conditions	text	maintance	f
55	Total number of staff:	t	f	Human resource information	number	total_staff	f
56	Number of vaccinators:	t	f	Human resource information	number	vac_num	f
57	Number of professional staff:	t	f	Human resource information	number	prof_staff	f
58	Number of nurses:	t	f	Human resource information	number	nurses	f
59	Number of drivers:	t	f	Human resource information	number	drivers	f
60	Number of other staff:	t	f	Human resource information	number	other_staff	f
61	Other 1 (digit only)	t	f	Other optional fields	number	other1	f
62	Other 2 (digit only)	t	f	Other optional fields	number	other2	f
63	Other 3 (Yes/No)	t	f	Other optional fields	bool	other3	f
64	Other 4 (Yes/No)	t	f	Other optional fields	bool	other4	f
65	Other 5 (descriptive)	t	f	Other optional fields	text	other5	f
66	Other 6 (descriptive)	t	f	Other optional fields	text	other6	f
67	Remarks	t	f	Other	text	remark	f
68	Position of staff completed this form	t	f	Other	text	completerstaffsign	f
69	Facility delete reason	t	f	Delete	select	delete_reason	f
\.


--
-- Data for Name: related_relateditemtype; Type: TABLE DATA; Schema: public; Owner: postgres
--

COPY public.related_relateditemtype (id, required, field_id, itemtype_id) FROM stdin;
\.


--
-- Data for Name: reports_gapsave; Type: TABLE DATA; Schema: public; Owner: postgres
--

COPY public.reports_gapsave (id, code, condition, created_at, updated_at, req_capacity, available, func_cap, exces, calculate_for, general, under_1, planned, facility_id, level_id, parent_fac_id) FROM stdin;
\.


--
-- Data for Name: reports_plannedgap; Type: TABLE DATA; Schema: public; Owner: postgres
--

COPY public.reports_plannedgap (id, pqs_type, pqs_id, provided, asiign, created_at, updated_at, gap_id) FROM stdin;
\.


--
-- Data for Name: token_blacklist_blacklistedtoken; Type: TABLE DATA; Schema: public; Owner: postgres
--

COPY public.token_blacklist_blacklistedtoken (id, blacklisted_at, token_id) FROM stdin;
\.


--
-- Data for Name: token_blacklist_outstandingtoken; Type: TABLE DATA; Schema: public; Owner: postgres
--

COPY public.token_blacklist_outstandingtoken (id, token, created_at, expires_at, user_id, jti) FROM stdin;
1	eyJ0eXAiOiJKV1QiLCJhbGciOiJIUzI1NiJ9.eyJ0b2tlbl90eXBlIjoicmVmcmVzaCIsImV4cCI6MTY2NjE3NDczNCwiaWF0IjoxNjY0NDQ2NzM0LCJqdGkiOiI1MmExYmIzNDQ1Njk0ZDBhOGNjZmNlMjRhYThkZGUyYSIsInVzZXJfaWQiOjF9.9scBrqNUERzgNrNMA6wJBgY8O08bKNimLfL-mtn-A00	2022-09-29 12:18:54.823+02	2022-10-19 12:18:54+02	1	52a1bb3445694d0a8ccfce24aa8dde2a
2	eyJ0eXAiOiJKV1QiLCJhbGciOiJIUzI1NiJ9.eyJ0b2tlbl90eXBlIjoicmVmcmVzaCIsImV4cCI6MTY2NjE3NTg4NiwiaWF0IjoxNjY0NDQ3ODg2LCJqdGkiOiJmMDU0YmYxYzliMGI0NDA1YTY4YmYyYTgyOGEwN2MzYyIsInVzZXJfaWQiOjF9.DNtA5OIVgWC71trt076U47Wdv_1usvxY9b365mwIVVo	2022-09-29 12:38:06.682+02	2022-10-19 12:38:06+02	1	f054bf1c9b0b4405a68bf2a828a07c3c
3	eyJ0eXAiOiJKV1QiLCJhbGciOiJIUzI1NiJ9.eyJ0b2tlbl90eXBlIjoicmVmcmVzaCIsImV4cCI6MTY2NjUyODgwNCwiaWF0IjoxNjY0ODAwODA0LCJqdGkiOiI0NWJhODA0Y2MyZGI0NWI0YWE5M2QxYzE1ODA0YzY3MCIsInVzZXJfaWQiOjF9.zVrsBxJPi-iw4fe1UEqT9gHftbALz0S_isy9JKcbiHA	2022-10-03 14:40:04.037+02	2022-10-23 14:40:04+02	1	45ba804cc2db45b4aa93d1c15804c670
4	eyJ0eXAiOiJKV1QiLCJhbGciOiJIUzI1NiJ9.eyJ0b2tlbl90eXBlIjoicmVmcmVzaCIsImV4cCI6MTY2NjUyODk2MSwiaWF0IjoxNjY0ODAwOTYxLCJqdGkiOiIyNzY1YjA0MDA5MzY0ZjYzYTBlMDg5Mzc3NmQ3NGQwYyIsInVzZXJfaWQiOjF9.5Ds1F0PTYRU9tbnPX44hyIdhx-oD_kOePRL64Ymo8n0	2022-10-03 14:42:41.182+02	2022-10-23 14:42:41+02	1	2765b04009364f63a0e0893776d74d0c
5	eyJ0eXAiOiJKV1QiLCJhbGciOiJIUzI1NiJ9.eyJ0b2tlbl90eXBlIjoicmVmcmVzaCIsImV4cCI6MTY2Njk1MTEwOCwiaWF0IjoxNjY1MjIzMTA4LCJqdGkiOiJlZjA3ZTQzNDM0ODU0Y2JlODdlZTRlNjAyMTAyNjFmNiIsInVzZXJfaWQiOjF9.Q7fflmWPJEuGAMJbHd-tGbEI8UtT-mYQgmTrGo0r3wg	2022-10-08 11:58:28.781+02	2022-10-28 11:58:28+02	1	ef07e43434854cbe87ee4e60210261f6
6	eyJ0eXAiOiJKV1QiLCJhbGciOiJIUzI1NiJ9.eyJ0b2tlbl90eXBlIjoicmVmcmVzaCIsImV4cCI6MTY2Njk1MTUzMiwiaWF0IjoxNjY1MjIzNTMyLCJqdGkiOiJlNzgzZjFlZTUzZjg0NjY1OGM1NmZlNTc2MGM4ODdmNCIsInVzZXJfaWQiOjF9.hnCxOzonE3AHmhJecyGOhsZJCyhiZzLlSl4UAk3kAFM	2022-10-08 12:05:32.234+02	2022-10-28 12:05:32+02	1	e783f1ee53f846658c56fe5760c887f4
7	eyJ0eXAiOiJKV1QiLCJhbGciOiJIUzI1NiJ9.eyJ0b2tlbl90eXBlIjoicmVmcmVzaCIsImV4cCI6MTY2Njk1OTQ2NCwiaWF0IjoxNjY1MjMxNDY0LCJqdGkiOiI2MThlODc1NmFmNzg0YjdkOGQzMmNhZjFiZWRiODk1ZiIsInVzZXJfaWQiOjF9.cX81swS3ow8bNWEyTA35a8Pz3lsr7jYBx7av1hWMHTY	2022-10-08 14:17:44.051+02	2022-10-28 14:17:44+02	1	618e8756af784b7d8d32caf1bedb895f
8	eyJ0eXAiOiJKV1QiLCJhbGciOiJIUzI1NiJ9.eyJ0b2tlbl90eXBlIjoicmVmcmVzaCIsImV4cCI6MTY3MDc0NzAyMSwiaWF0IjoxNjY5MDE5MDIxLCJqdGkiOiI0YTE5YTA5ZTYxYWQ0ZDEyYmNjMmM5MDlkOWE4MjcxZCIsInVzZXJfaWQiOjF9.QrrRW1p2NxmcM8nF4rXq4WFXPVH_Uk9UrvxmXted_xs	2022-11-21 09:23:41.08215+01	2022-12-11 09:23:41+01	1	4a19a09e61ad4d12bcc2c909d9a8271d
9	eyJ0eXAiOiJKV1QiLCJhbGciOiJIUzI1NiJ9.eyJ0b2tlbl90eXBlIjoicmVmcmVzaCIsImV4cCI6MTY3MDc0NzEwOCwiaWF0IjoxNjY5MDE5MTA4LCJqdGkiOiJhN2UxMzgwYmU0YmM0MzJiODkyMGNlYWZmZmY4OTI1YiIsInVzZXJfaWQiOjF9.f49b6nMElYjfWzmtp8uxyMfx7oXxxjBq50yFpKUlOuE	2022-11-21 09:25:08.919493+01	2022-12-11 09:25:08+01	1	a7e1380be4bc432b8920ceaffff8925b
10	eyJ0eXAiOiJKV1QiLCJhbGciOiJIUzI1NiJ9.eyJ0b2tlbl90eXBlIjoicmVmcmVzaCIsImV4cCI6MTY3MDc0NzIyNSwiaWF0IjoxNjY5MDE5MjI1LCJqdGkiOiJmNmYyYTc0NmExNmU0ZmU4ODBkZDE0ZjBhZGY4Yzk0NyIsInVzZXJfaWQiOjF9.0VfujFGKL9vqwn-EramPf5sncT1VE-6sZNo5jcae9QY	2022-11-21 09:27:05.880418+01	2022-12-11 09:27:05+01	1	f6f2a746a16e4fe880dd14f0adf8c947
11	eyJ0eXAiOiJKV1QiLCJhbGciOiJIUzI1NiJ9.eyJ0b2tlbl90eXBlIjoicmVmcmVzaCIsImV4cCI6MTY3MDc1ODM1MywiaWF0IjoxNjY5MDMwMzUzLCJqdGkiOiI0Y2UzM2VkNDliZDQ0MjVkOGZlN2Q2MWRmZjYwYzBhMyIsInVzZXJfaWQiOjF9.2xOwCok2nRGudFb0PlmK8K42EWkc1OUyQ--hfy37QKI	2022-11-21 12:32:33.568857+01	2022-12-11 12:32:33+01	1	4ce33ed49bd4425d8fe7d61dff60c0a3
12	eyJ0eXAiOiJKV1QiLCJhbGciOiJIUzI1NiJ9.eyJ0b2tlbl90eXBlIjoicmVmcmVzaCIsImV4cCI6MTY3MDc1ODczNCwiaWF0IjoxNjY5MDMwNzM0LCJqdGkiOiIzNDRkMjE1YjI4ODI0YTJlYmEwODdkMzdlYzk4NDBkNCIsInVzZXJfaWQiOjF9.eyPSmlNkXMADr9lqVTn7t_Fvnj1TIepvBdh1Aj-JtG0	2022-11-21 12:38:54.752427+01	2022-12-11 12:38:54+01	1	344d215b28824a2eba087d37ec9840d4
13	eyJ0eXAiOiJKV1QiLCJhbGciOiJIUzI1NiJ9.eyJ0b2tlbl90eXBlIjoicmVmcmVzaCIsImV4cCI6MTY3MDc1OTEzOCwiaWF0IjoxNjY5MDMxMTM4LCJqdGkiOiIwMWU0MDJjMzg1MDg0NmUyOTM5Zjc1YjMyMjZhM2FkNyIsInVzZXJfaWQiOjF9.zrmbfWqqP9KHVRe2uCgEwLp8krvqReaIOgnv8CV-mkg	2022-11-21 12:45:38.472452+01	2022-12-11 12:45:38+01	1	01e402c3850846e2939f75b3226a3ad7
14	eyJ0eXAiOiJKV1QiLCJhbGciOiJIUzI1NiJ9.eyJ0b2tlbl90eXBlIjoicmVmcmVzaCIsImV4cCI6MTY3NDU5ODAzNSwiaWF0IjoxNjcyODcwMDM1LCJqdGkiOiIzMDAzYjQyOTBhOGQ0MDcxODEwY2UxOTY1ZGNmYjk4ZiIsInVzZXJfaWQiOjJ9.qMN_jDkiMk3C2Q63i93B5XJlg8UpIO9p7OGbQGh-YSQ	2023-01-04 23:07:15.101377+01	2023-01-24 23:07:15+01	2	3003b4290a8d4071810ce1965dcfb98f
\.


--
-- Name: CountryConfig_id_seq; Type: SEQUENCE SET; Schema: public; Owner: postgres
--

SELECT pg_catalog.setval('public."CountryConfig_id_seq"', 1, true);


--
-- Name: Facility_id_seq; Type: SEQUENCE SET; Schema: public; Owner: postgres
--

SELECT pg_catalog.setval('public."Facility_id_seq"', 1, true);


--
-- Name: HR_hr_id_seq; Type: SEQUENCE SET; Schema: public; Owner: postgres
--

SELECT pg_catalog.setval('public."HR_hr_id_seq"', 1, false);


--
-- Name: LevelConfig_id_seq; Type: SEQUENCE SET; Schema: public; Owner: postgres
--

SELECT pg_catalog.setval('public."LevelConfig_id_seq"', 5, true);


--
-- Name: PQS_pqs3_id_seq; Type: SEQUENCE SET; Schema: public; Owner: postgres
--

SELECT pg_catalog.setval('public."PQS_pqs3_id_seq"', 1, false);


--
-- Name: PQS_pqs4_id_seq; Type: SEQUENCE SET; Schema: public; Owner: postgres
--

SELECT pg_catalog.setval('public."PQS_pqs4_id_seq"', 1, false);


--
-- Name: User_groups_id_seq; Type: SEQUENCE SET; Schema: public; Owner: postgres
--

SELECT pg_catalog.setval('public."User_groups_id_seq"', 1, false);


--
-- Name: User_id_seq; Type: SEQUENCE SET; Schema: public; Owner: postgres
--

SELECT pg_catalog.setval('public."User_id_seq"', 2, true);


--
-- Name: User_user_permissions_id_seq; Type: SEQUENCE SET; Schema: public; Owner: postgres
--

SELECT pg_catalog.setval('public."User_user_permissions_id_seq"', 1, false);


--
-- Name: auth_group_id_seq; Type: SEQUENCE SET; Schema: public; Owner: postgres
--

SELECT pg_catalog.setval('public.auth_group_id_seq', 1, false);


--
-- Name: auth_group_permissions_id_seq; Type: SEQUENCE SET; Schema: public; Owner: postgres
--

SELECT pg_catalog.setval('public.auth_group_permissions_id_seq', 1, false);


--
-- Name: auth_permission_id_seq; Type: SEQUENCE SET; Schema: public; Owner: postgres
--

SELECT pg_catalog.setval('public.auth_permission_id_seq', 160, true);


--
-- Name: django_admin_log_id_seq; Type: SEQUENCE SET; Schema: public; Owner: postgres
--

SELECT pg_catalog.setval('public.django_admin_log_id_seq', 83, true);


--
-- Name: django_content_type_id_seq; Type: SEQUENCE SET; Schema: public; Owner: postgres
--

SELECT pg_catalog.setval('public.django_content_type_id_seq', 40, true);


--
-- Name: django_migrations_id_seq; Type: SEQUENCE SET; Schema: public; Owner: postgres
--

SELECT pg_catalog.setval('public.django_migrations_id_seq', 53, true);


--
-- Name: help_help_id_seq; Type: SEQUENCE SET; Schema: public; Owner: postgres
--

SELECT pg_catalog.setval('public.help_help_id_seq', 1, false);


--
-- Name: item_item_id_seq; Type: SEQUENCE SET; Schema: public; Owner: postgres
--

SELECT pg_catalog.setval('public.item_item_id_seq', 1, false);


--
-- Name: items_itemclass_id_seq; Type: SEQUENCE SET; Schema: public; Owner: postgres
--

SELECT pg_catalog.setval('public.items_itemclass_id_seq', 10, true);


--
-- Name: items_itemtype_id_seq; Type: SEQUENCE SET; Schema: public; Owner: postgres
--

SELECT pg_catalog.setval('public.items_itemtype_id_seq', 31, true);


--
-- Name: items_itemtypelevel_ID_seq; Type: SEQUENCE SET; Schema: public; Owner: postgres
--

SELECT pg_catalog.setval('public."items_itemtypelevel_ID_seq"', 1, false);


--
-- Name: items_manufacturer_id_seq; Type: SEQUENCE SET; Schema: public; Owner: postgres
--

SELECT pg_catalog.setval('public.items_manufacturer_id_seq', 1, false);


--
-- Name: languages_languages_id_seq; Type: SEQUENCE SET; Schema: public; Owner: postgres
--

SELECT pg_catalog.setval('public.languages_languages_id_seq', 8, true);


--
-- Name: languages_languages_words_id_seq; Type: SEQUENCE SET; Schema: public; Owner: postgres
--

SELECT pg_catalog.setval('public.languages_languages_words_id_seq', 3736, true);


--
-- Name: maintanance_activemaintance_id_seq; Type: SEQUENCE SET; Schema: public; Owner: postgres
--

SELECT pg_catalog.setval('public.maintanance_activemaintance_id_seq', 1, false);


--
-- Name: maintanance_donemaintance_id_seq; Type: SEQUENCE SET; Schema: public; Owner: postgres
--

SELECT pg_catalog.setval('public.maintanance_donemaintance_id_seq', 1, false);


--
-- Name: maintanance_maintanance_id_seq; Type: SEQUENCE SET; Schema: public; Owner: postgres
--

SELECT pg_catalog.setval('public.maintanance_maintanance_id_seq', 1, false);


--
-- Name: maintanance_maintancegp_id_seq; Type: SEQUENCE SET; Schema: public; Owner: postgres
--

SELECT pg_catalog.setval('public.maintanance_maintancegp_id_seq', 1, false);


--
-- Name: maintanance_todomaintance_id_seq; Type: SEQUENCE SET; Schema: public; Owner: postgres
--

SELECT pg_catalog.setval('public.maintanance_todomaintance_id_seq', 1, false);


--
-- Name: message_message_id_seq; Type: SEQUENCE SET; Schema: public; Owner: postgres
--

SELECT pg_catalog.setval('public.message_message_id_seq', 1, false);


--
-- Name: message_readedmessage_id_seq; Type: SEQUENCE SET; Schema: public; Owner: postgres
--

SELECT pg_catalog.setval('public.message_readedmessage_id_seq', 1, false);


--
-- Name: related_facilityparam_id_seq; Type: SEQUENCE SET; Schema: public; Owner: postgres
--

SELECT pg_catalog.setval('public.related_facilityparam_id_seq', 12, true);


--
-- Name: related_facilityparamdescription_id_seq; Type: SEQUENCE SET; Schema: public; Owner: postgres
--

SELECT pg_catalog.setval('public.related_facilityparamdescription_id_seq', 1, false);


--
-- Name: related_facilityvalidation_id_seq; Type: SEQUENCE SET; Schema: public; Owner: postgres
--

SELECT pg_catalog.setval('public.related_facilityvalidation_id_seq', 22, true);


--
-- Name: related_field_id_seq; Type: SEQUENCE SET; Schema: public; Owner: postgres
--

SELECT pg_catalog.setval('public.related_field_id_seq', 81, true);


--
-- Name: related_itemparam_id_seq; Type: SEQUENCE SET; Schema: public; Owner: postgres
--

SELECT pg_catalog.setval('public.related_itemparam_id_seq', 16, true);


--
-- Name: related_itemparamdescription_id_seq; Type: SEQUENCE SET; Schema: public; Owner: postgres
--

SELECT pg_catalog.setval('public.related_itemparamdescription_id_seq', 1, false);


--
-- Name: related_itemvalidation_id_seq; Type: SEQUENCE SET; Schema: public; Owner: postgres
--

SELECT pg_catalog.setval('public.related_itemvalidation_id_seq', 26, true);


--
-- Name: related_relatedfacility_id_seq; Type: SEQUENCE SET; Schema: public; Owner: postgres
--

SELECT pg_catalog.setval('public.related_relatedfacility_id_seq', 69, true);


--
-- Name: related_relateditemtype_id_seq; Type: SEQUENCE SET; Schema: public; Owner: postgres
--

SELECT pg_catalog.setval('public.related_relateditemtype_id_seq', 1, false);


--
-- Name: reports_gapsave_id_seq; Type: SEQUENCE SET; Schema: public; Owner: postgres
--

SELECT pg_catalog.setval('public.reports_gapsave_id_seq', 1, false);


--
-- Name: reports_plannedgap_id_seq; Type: SEQUENCE SET; Schema: public; Owner: postgres
--

SELECT pg_catalog.setval('public.reports_plannedgap_id_seq', 1, false);


--
-- Name: token_blacklist_blacklistedtoken_id_seq; Type: SEQUENCE SET; Schema: public; Owner: postgres
--

SELECT pg_catalog.setval('public.token_blacklist_blacklistedtoken_id_seq', 1, false);


--
-- Name: token_blacklist_outstandingtoken_id_seq; Type: SEQUENCE SET; Schema: public; Owner: postgres
--

SELECT pg_catalog.setval('public.token_blacklist_outstandingtoken_id_seq', 14, true);


--
-- Name: CountryConfig CountryConfig_pkey; Type: CONSTRAINT; Schema: public; Owner: postgres
--

ALTER TABLE ONLY public."CountryConfig"
    ADD CONSTRAINT "CountryConfig_pkey" PRIMARY KEY (id);


--
-- Name: Facility Facility_pkey; Type: CONSTRAINT; Schema: public; Owner: postgres
--

ALTER TABLE ONLY public."Facility"
    ADD CONSTRAINT "Facility_pkey" PRIMARY KEY (id);


--
-- Name: HR_hr HR_hr_pkey; Type: CONSTRAINT; Schema: public; Owner: postgres
--

ALTER TABLE ONLY public."HR_hr"
    ADD CONSTRAINT "HR_hr_pkey" PRIMARY KEY (id);


--
-- Name: LevelConfig LevelConfig_pkey; Type: CONSTRAINT; Schema: public; Owner: postgres
--

ALTER TABLE ONLY public."LevelConfig"
    ADD CONSTRAINT "LevelConfig_pkey" PRIMARY KEY (id);


--
-- Name: PQS_pqs3 PQS_pqs3_pkey; Type: CONSTRAINT; Schema: public; Owner: postgres
--

ALTER TABLE ONLY public."PQS_pqs3"
    ADD CONSTRAINT "PQS_pqs3_pkey" PRIMARY KEY (id);


--
-- Name: PQS_pqs4 PQS_pqs4_pkey; Type: CONSTRAINT; Schema: public; Owner: postgres
--

ALTER TABLE ONLY public."PQS_pqs4"
    ADD CONSTRAINT "PQS_pqs4_pkey" PRIMARY KEY (id);


--
-- Name: User_groups User_groups_pkey; Type: CONSTRAINT; Schema: public; Owner: postgres
--

ALTER TABLE ONLY public."User_groups"
    ADD CONSTRAINT "User_groups_pkey" PRIMARY KEY (id);


--
-- Name: User_groups User_groups_user_id_group_id_d63e199e_uniq; Type: CONSTRAINT; Schema: public; Owner: postgres
--

ALTER TABLE ONLY public."User_groups"
    ADD CONSTRAINT "User_groups_user_id_group_id_d63e199e_uniq" UNIQUE (user_id, group_id);


--
-- Name: User User_pkey; Type: CONSTRAINT; Schema: public; Owner: postgres
--

ALTER TABLE ONLY public."User"
    ADD CONSTRAINT "User_pkey" PRIMARY KEY (id);


--
-- Name: User_user_permissions User_user_permissions_pkey; Type: CONSTRAINT; Schema: public; Owner: postgres
--

ALTER TABLE ONLY public."User_user_permissions"
    ADD CONSTRAINT "User_user_permissions_pkey" PRIMARY KEY (id);


--
-- Name: User_user_permissions User_user_permissions_user_id_permission_id_af0f54ec_uniq; Type: CONSTRAINT; Schema: public; Owner: postgres
--

ALTER TABLE ONLY public."User_user_permissions"
    ADD CONSTRAINT "User_user_permissions_user_id_permission_id_af0f54ec_uniq" UNIQUE (user_id, permission_id);


--
-- Name: User User_username_key; Type: CONSTRAINT; Schema: public; Owner: postgres
--

ALTER TABLE ONLY public."User"
    ADD CONSTRAINT "User_username_key" UNIQUE (username);


--
-- Name: auth_group auth_group_name_key; Type: CONSTRAINT; Schema: public; Owner: postgres
--

ALTER TABLE ONLY public.auth_group
    ADD CONSTRAINT auth_group_name_key UNIQUE (name);


--
-- Name: auth_group_permissions auth_group_permissions_group_id_permission_id_0cd325b0_uniq; Type: CONSTRAINT; Schema: public; Owner: postgres
--

ALTER TABLE ONLY public.auth_group_permissions
    ADD CONSTRAINT auth_group_permissions_group_id_permission_id_0cd325b0_uniq UNIQUE (group_id, permission_id);


--
-- Name: auth_group_permissions auth_group_permissions_pkey; Type: CONSTRAINT; Schema: public; Owner: postgres
--

ALTER TABLE ONLY public.auth_group_permissions
    ADD CONSTRAINT auth_group_permissions_pkey PRIMARY KEY (id);


--
-- Name: auth_group auth_group_pkey; Type: CONSTRAINT; Schema: public; Owner: postgres
--

ALTER TABLE ONLY public.auth_group
    ADD CONSTRAINT auth_group_pkey PRIMARY KEY (id);


--
-- Name: auth_permission auth_permission_content_type_id_codename_01ab375a_uniq; Type: CONSTRAINT; Schema: public; Owner: postgres
--

ALTER TABLE ONLY public.auth_permission
    ADD CONSTRAINT auth_permission_content_type_id_codename_01ab375a_uniq UNIQUE (content_type_id, codename);


--
-- Name: auth_permission auth_permission_pkey; Type: CONSTRAINT; Schema: public; Owner: postgres
--

ALTER TABLE ONLY public.auth_permission
    ADD CONSTRAINT auth_permission_pkey PRIMARY KEY (id);


--
-- Name: django_admin_log django_admin_log_pkey; Type: CONSTRAINT; Schema: public; Owner: postgres
--

ALTER TABLE ONLY public.django_admin_log
    ADD CONSTRAINT django_admin_log_pkey PRIMARY KEY (id);


--
-- Name: django_content_type django_content_type_app_label_model_76bd3d3b_uniq; Type: CONSTRAINT; Schema: public; Owner: postgres
--

ALTER TABLE ONLY public.django_content_type
    ADD CONSTRAINT django_content_type_app_label_model_76bd3d3b_uniq UNIQUE (app_label, model);


--
-- Name: django_content_type django_content_type_pkey; Type: CONSTRAINT; Schema: public; Owner: postgres
--

ALTER TABLE ONLY public.django_content_type
    ADD CONSTRAINT django_content_type_pkey PRIMARY KEY (id);


--
-- Name: django_migrations django_migrations_pkey; Type: CONSTRAINT; Schema: public; Owner: postgres
--

ALTER TABLE ONLY public.django_migrations
    ADD CONSTRAINT django_migrations_pkey PRIMARY KEY (id);


--
-- Name: django_session django_session_pkey; Type: CONSTRAINT; Schema: public; Owner: postgres
--

ALTER TABLE ONLY public.django_session
    ADD CONSTRAINT django_session_pkey PRIMARY KEY (session_key);


--
-- Name: help_help help_help_pkey; Type: CONSTRAINT; Schema: public; Owner: postgres
--

ALTER TABLE ONLY public.help_help
    ADD CONSTRAINT help_help_pkey PRIMARY KEY (id);


--
-- Name: item_item item_item_pkey; Type: CONSTRAINT; Schema: public; Owner: postgres
--

ALTER TABLE ONLY public.item_item
    ADD CONSTRAINT item_item_pkey PRIMARY KEY (id);


--
-- Name: items_itemclass items_itemclass_code_key; Type: CONSTRAINT; Schema: public; Owner: postgres
--

ALTER TABLE ONLY public.items_itemclass
    ADD CONSTRAINT items_itemclass_code_key UNIQUE (code);


--
-- Name: items_itemclass items_itemclass_pkey; Type: CONSTRAINT; Schema: public; Owner: postgres
--

ALTER TABLE ONLY public.items_itemclass
    ADD CONSTRAINT items_itemclass_pkey PRIMARY KEY (id);


--
-- Name: items_itemtype items_itemtype_code_key; Type: CONSTRAINT; Schema: public; Owner: postgres
--

ALTER TABLE ONLY public.items_itemtype
    ADD CONSTRAINT items_itemtype_code_key UNIQUE (code);


--
-- Name: items_itemtype items_itemtype_pkey; Type: CONSTRAINT; Schema: public; Owner: postgres
--

ALTER TABLE ONLY public.items_itemtype
    ADD CONSTRAINT items_itemtype_pkey PRIMARY KEY (id);


--
-- Name: items_itemtype items_itemtype_title_key; Type: CONSTRAINT; Schema: public; Owner: postgres
--

ALTER TABLE ONLY public.items_itemtype
    ADD CONSTRAINT items_itemtype_title_key UNIQUE (title);


--
-- Name: items_itemtypelevel items_itemtypelevel_pkey; Type: CONSTRAINT; Schema: public; Owner: postgres
--

ALTER TABLE ONLY public.items_itemtypelevel
    ADD CONSTRAINT items_itemtypelevel_pkey PRIMARY KEY ("ID");


--
-- Name: items_manufacturer items_manufacturer_pkey; Type: CONSTRAINT; Schema: public; Owner: postgres
--

ALTER TABLE ONLY public.items_manufacturer
    ADD CONSTRAINT items_manufacturer_pkey PRIMARY KEY (id);


--
-- Name: languages_languages languages_languages_pkey; Type: CONSTRAINT; Schema: public; Owner: postgres
--

ALTER TABLE ONLY public.languages_languages
    ADD CONSTRAINT languages_languages_pkey PRIMARY KEY (id);


--
-- Name: languages_languages_words languages_languages_words_pkey; Type: CONSTRAINT; Schema: public; Owner: postgres
--

ALTER TABLE ONLY public.languages_languages_words
    ADD CONSTRAINT languages_languages_words_pkey PRIMARY KEY (id);


--
-- Name: maintanance_activemaintance maintanance_activemaintance_pkey; Type: CONSTRAINT; Schema: public; Owner: postgres
--

ALTER TABLE ONLY public.maintanance_activemaintance
    ADD CONSTRAINT maintanance_activemaintance_pkey PRIMARY KEY (id);


--
-- Name: maintanance_donemaintance maintanance_donemaintance_pkey; Type: CONSTRAINT; Schema: public; Owner: postgres
--

ALTER TABLE ONLY public.maintanance_donemaintance
    ADD CONSTRAINT maintanance_donemaintance_pkey PRIMARY KEY (id);


--
-- Name: maintanance_maintanance maintanance_maintanance_pkey; Type: CONSTRAINT; Schema: public; Owner: postgres
--

ALTER TABLE ONLY public.maintanance_maintanance
    ADD CONSTRAINT maintanance_maintanance_pkey PRIMARY KEY (id);


--
-- Name: maintanance_maintancegp maintanance_maintancegp_pkey; Type: CONSTRAINT; Schema: public; Owner: postgres
--

ALTER TABLE ONLY public.maintanance_maintancegp
    ADD CONSTRAINT maintanance_maintancegp_pkey PRIMARY KEY (id);


--
-- Name: maintanance_todomaintance maintanance_todomaintance_pkey; Type: CONSTRAINT; Schema: public; Owner: postgres
--

ALTER TABLE ONLY public.maintanance_todomaintance
    ADD CONSTRAINT maintanance_todomaintance_pkey PRIMARY KEY (id);


--
-- Name: message_message message_message_pkey; Type: CONSTRAINT; Schema: public; Owner: postgres
--

ALTER TABLE ONLY public.message_message
    ADD CONSTRAINT message_message_pkey PRIMARY KEY (id);


--
-- Name: message_readedmessage message_readedmessage_pkey; Type: CONSTRAINT; Schema: public; Owner: postgres
--

ALTER TABLE ONLY public.message_readedmessage
    ADD CONSTRAINT message_readedmessage_pkey PRIMARY KEY (id);


--
-- Name: related_facilityparam related_facilityparam_pkey; Type: CONSTRAINT; Schema: public; Owner: postgres
--

ALTER TABLE ONLY public.related_facilityparam
    ADD CONSTRAINT related_facilityparam_pkey PRIMARY KEY (id);


--
-- Name: related_facilityparamdescription related_facilityparamdescription_pkey; Type: CONSTRAINT; Schema: public; Owner: postgres
--

ALTER TABLE ONLY public.related_facilityparamdescription
    ADD CONSTRAINT related_facilityparamdescription_pkey PRIMARY KEY (id);


--
-- Name: related_facilityvalidation related_facilityvalidation_pkey; Type: CONSTRAINT; Schema: public; Owner: postgres
--

ALTER TABLE ONLY public.related_facilityvalidation
    ADD CONSTRAINT related_facilityvalidation_pkey PRIMARY KEY (id);


--
-- Name: related_field related_field_pkey; Type: CONSTRAINT; Schema: public; Owner: postgres
--

ALTER TABLE ONLY public.related_field
    ADD CONSTRAINT related_field_pkey PRIMARY KEY (id);


--
-- Name: related_itemparam related_itemparam_pkey; Type: CONSTRAINT; Schema: public; Owner: postgres
--

ALTER TABLE ONLY public.related_itemparam
    ADD CONSTRAINT related_itemparam_pkey PRIMARY KEY (id);


--
-- Name: related_itemparamdescription related_itemparamdescription_pkey; Type: CONSTRAINT; Schema: public; Owner: postgres
--

ALTER TABLE ONLY public.related_itemparamdescription
    ADD CONSTRAINT related_itemparamdescription_pkey PRIMARY KEY (id);


--
-- Name: related_itemvalidation related_itemvalidation_pkey; Type: CONSTRAINT; Schema: public; Owner: postgres
--

ALTER TABLE ONLY public.related_itemvalidation
    ADD CONSTRAINT related_itemvalidation_pkey PRIMARY KEY (id);


--
-- Name: related_relatedfacility related_relatedfacility_pkey; Type: CONSTRAINT; Schema: public; Owner: postgres
--

ALTER TABLE ONLY public.related_relatedfacility
    ADD CONSTRAINT related_relatedfacility_pkey PRIMARY KEY (id);


--
-- Name: related_relateditemtype related_relateditemtype_pkey; Type: CONSTRAINT; Schema: public; Owner: postgres
--

ALTER TABLE ONLY public.related_relateditemtype
    ADD CONSTRAINT related_relateditemtype_pkey PRIMARY KEY (id);


--
-- Name: reports_gapsave reports_gapsave_pkey; Type: CONSTRAINT; Schema: public; Owner: postgres
--

ALTER TABLE ONLY public.reports_gapsave
    ADD CONSTRAINT reports_gapsave_pkey PRIMARY KEY (id);


--
-- Name: reports_plannedgap reports_plannedgap_pkey; Type: CONSTRAINT; Schema: public; Owner: postgres
--

ALTER TABLE ONLY public.reports_plannedgap
    ADD CONSTRAINT reports_plannedgap_pkey PRIMARY KEY (id);


--
-- Name: token_blacklist_blacklistedtoken token_blacklist_blacklistedtoken_pkey; Type: CONSTRAINT; Schema: public; Owner: postgres
--

ALTER TABLE ONLY public.token_blacklist_blacklistedtoken
    ADD CONSTRAINT token_blacklist_blacklistedtoken_pkey PRIMARY KEY (id);


--
-- Name: token_blacklist_blacklistedtoken token_blacklist_blacklistedtoken_token_id_key; Type: CONSTRAINT; Schema: public; Owner: postgres
--

ALTER TABLE ONLY public.token_blacklist_blacklistedtoken
    ADD CONSTRAINT token_blacklist_blacklistedtoken_token_id_key UNIQUE (token_id);


--
-- Name: token_blacklist_outstandingtoken token_blacklist_outstandingtoken_jti_hex_d9bdf6f7_uniq; Type: CONSTRAINT; Schema: public; Owner: postgres
--

ALTER TABLE ONLY public.token_blacklist_outstandingtoken
    ADD CONSTRAINT token_blacklist_outstandingtoken_jti_hex_d9bdf6f7_uniq UNIQUE (jti);


--
-- Name: token_blacklist_outstandingtoken token_blacklist_outstandingtoken_pkey; Type: CONSTRAINT; Schema: public; Owner: postgres
--

ALTER TABLE ONLY public.token_blacklist_outstandingtoken
    ADD CONSTRAINT token_blacklist_outstandingtoken_pkey PRIMARY KEY (id);


--
-- Name: Facility_completerStaff_d0872b4e; Type: INDEX; Schema: public; Owner: postgres
--

CREATE INDEX "Facility_completerStaff_d0872b4e" ON public."Facility" USING btree ("completerStaff");


--
-- Name: Facility_country_id_cb135873; Type: INDEX; Schema: public; Owner: postgres
--

CREATE INDEX "Facility_country_id_cb135873" ON public."Facility" USING btree (country_id);


--
-- Name: Facility_level_id_69435a71; Type: INDEX; Schema: public; Owner: postgres
--

CREATE INDEX "Facility_level_id_69435a71" ON public."Facility" USING btree (level_id);


--
-- Name: Facility_parentid_id_6b25e1fe; Type: INDEX; Schema: public; Owner: postgres
--

CREATE INDEX "Facility_parentid_id_6b25e1fe" ON public."Facility" USING btree (parentid_id);


--
-- Name: HR_hr_facility_id_0a72be35; Type: INDEX; Schema: public; Owner: postgres
--

CREATE INDEX "HR_hr_facility_id_0a72be35" ON public."HR_hr" USING btree (facility_id);


--
-- Name: LevelConfig_country_id_2e338d3a; Type: INDEX; Schema: public; Owner: postgres
--

CREATE INDEX "LevelConfig_country_id_2e338d3a" ON public."LevelConfig" USING btree (country_id);


--
-- Name: LevelConfig_parent_id_fb16d36a; Type: INDEX; Schema: public; Owner: postgres
--

CREATE INDEX "LevelConfig_parent_id_fb16d36a" ON public."LevelConfig" USING btree (parent_id);


--
-- Name: User_facilityid_id_2acac649; Type: INDEX; Schema: public; Owner: postgres
--

CREATE INDEX "User_facilityid_id_2acac649" ON public."User" USING btree (facilityid_id);


--
-- Name: User_groups_group_id_328392a3; Type: INDEX; Schema: public; Owner: postgres
--

CREATE INDEX "User_groups_group_id_328392a3" ON public."User_groups" USING btree (group_id);


--
-- Name: User_groups_user_id_8f675f72; Type: INDEX; Schema: public; Owner: postgres
--

CREATE INDEX "User_groups_user_id_8f675f72" ON public."User_groups" USING btree (user_id);


--
-- Name: User_user_permissions_permission_id_8e998ba4; Type: INDEX; Schema: public; Owner: postgres
--

CREATE INDEX "User_user_permissions_permission_id_8e998ba4" ON public."User_user_permissions" USING btree (permission_id);


--
-- Name: User_user_permissions_user_id_2c6da4d4; Type: INDEX; Schema: public; Owner: postgres
--

CREATE INDEX "User_user_permissions_user_id_2c6da4d4" ON public."User_user_permissions" USING btree (user_id);


--
-- Name: User_username_3851fdce_like; Type: INDEX; Schema: public; Owner: postgres
--

CREATE INDEX "User_username_3851fdce_like" ON public."User" USING btree (username varchar_pattern_ops);


--
-- Name: auth_group_name_a6ea08ec_like; Type: INDEX; Schema: public; Owner: postgres
--

CREATE INDEX auth_group_name_a6ea08ec_like ON public.auth_group USING btree (name varchar_pattern_ops);


--
-- Name: auth_group_permissions_group_id_b120cbf9; Type: INDEX; Schema: public; Owner: postgres
--

CREATE INDEX auth_group_permissions_group_id_b120cbf9 ON public.auth_group_permissions USING btree (group_id);


--
-- Name: auth_group_permissions_permission_id_84c5c92e; Type: INDEX; Schema: public; Owner: postgres
--

CREATE INDEX auth_group_permissions_permission_id_84c5c92e ON public.auth_group_permissions USING btree (permission_id);


--
-- Name: auth_permission_content_type_id_2f476e4b; Type: INDEX; Schema: public; Owner: postgres
--

CREATE INDEX auth_permission_content_type_id_2f476e4b ON public.auth_permission USING btree (content_type_id);


--
-- Name: django_admin_log_content_type_id_c4bce8eb; Type: INDEX; Schema: public; Owner: postgres
--

CREATE INDEX django_admin_log_content_type_id_c4bce8eb ON public.django_admin_log USING btree (content_type_id);


--
-- Name: django_admin_log_user_id_c564eba6; Type: INDEX; Schema: public; Owner: postgres
--

CREATE INDEX django_admin_log_user_id_c564eba6 ON public.django_admin_log USING btree (user_id);


--
-- Name: django_session_expire_date_a5c62663; Type: INDEX; Schema: public; Owner: postgres
--

CREATE INDEX django_session_expire_date_a5c62663 ON public.django_session USING btree (expire_date);


--
-- Name: django_session_session_key_c0390e0f_like; Type: INDEX; Schema: public; Owner: postgres
--

CREATE INDEX django_session_session_key_c0390e0f_like ON public.django_session USING btree (session_key varchar_pattern_ops);


--
-- Name: item_item_facility_id_9b74fd2b; Type: INDEX; Schema: public; Owner: postgres
--

CREATE INDEX item_item_facility_id_9b74fd2b ON public.item_item USING btree (facility_id);


--
-- Name: item_item_item_class_id_38b0cc67; Type: INDEX; Schema: public; Owner: postgres
--

CREATE INDEX item_item_item_class_id_38b0cc67 ON public.item_item USING btree (item_class_id);


--
-- Name: item_item_item_type_id_e4e98abb; Type: INDEX; Schema: public; Owner: postgres
--

CREATE INDEX item_item_item_type_id_e4e98abb ON public.item_item USING btree (item_type_id);


--
-- Name: items_itemclass_code_b6e1d20b_like; Type: INDEX; Schema: public; Owner: postgres
--

CREATE INDEX items_itemclass_code_b6e1d20b_like ON public.items_itemclass USING btree (code varchar_pattern_ops);


--
-- Name: items_itemtype_code_ea84f047_like; Type: INDEX; Schema: public; Owner: postgres
--

CREATE INDEX items_itemtype_code_ea84f047_like ON public.items_itemtype USING btree (code varchar_pattern_ops);


--
-- Name: items_itemtype_itemclass_id_6b9bd06f; Type: INDEX; Schema: public; Owner: postgres
--

CREATE INDEX items_itemtype_itemclass_id_6b9bd06f ON public.items_itemtype USING btree (itemclass_id);


--
-- Name: items_itemtype_title_1482405f_like; Type: INDEX; Schema: public; Owner: postgres
--

CREATE INDEX items_itemtype_title_1482405f_like ON public.items_itemtype USING btree (title varchar_pattern_ops);


--
-- Name: items_itemtypelevel_itemTypeID_f0019857; Type: INDEX; Schema: public; Owner: postgres
--

CREATE INDEX "items_itemtypelevel_itemTypeID_f0019857" ON public.items_itemtypelevel USING btree ("itemTypeID");


--
-- Name: items_itemtypelevel_level_id_ef4be71e; Type: INDEX; Schema: public; Owner: postgres
--

CREATE INDEX items_itemtypelevel_level_id_ef4be71e ON public.items_itemtypelevel USING btree (level_id);


--
-- Name: items_manufacturer_itemclass_id_4650cdf1; Type: INDEX; Schema: public; Owner: postgres
--

CREATE INDEX items_manufacturer_itemclass_id_4650cdf1 ON public.items_manufacturer USING btree (itemclass_id);


--
-- Name: languages_languages_words_language_id_8f996963; Type: INDEX; Schema: public; Owner: postgres
--

CREATE INDEX languages_languages_words_language_id_8f996963 ON public.languages_languages_words USING btree (language_id);


--
-- Name: maintanance_activemaintance_maintanance_id_308da711; Type: INDEX; Schema: public; Owner: postgres
--

CREATE INDEX maintanance_activemaintance_maintanance_id_308da711 ON public.maintanance_activemaintance USING btree (maintanance_id);


--
-- Name: maintanance_activemaintance_maintanncegp_id_c5b540df; Type: INDEX; Schema: public; Owner: postgres
--

CREATE INDEX maintanance_activemaintance_maintanncegp_id_c5b540df ON public.maintanance_activemaintance USING btree (maintanncegp_id);


--
-- Name: maintanance_donemaintance_item_id_5ea11b34; Type: INDEX; Schema: public; Owner: postgres
--

CREATE INDEX maintanance_donemaintance_item_id_5ea11b34 ON public.maintanance_donemaintance USING btree (item_id);


--
-- Name: maintanance_donemaintance_maintanance_id_8682b1e5; Type: INDEX; Schema: public; Owner: postgres
--

CREATE INDEX maintanance_donemaintance_maintanance_id_8682b1e5 ON public.maintanance_donemaintance USING btree (maintanance_id);


--
-- Name: maintanance_donemaintance_maintanncegp_id_51880b22; Type: INDEX; Schema: public; Owner: postgres
--

CREATE INDEX maintanance_donemaintance_maintanncegp_id_51880b22 ON public.maintanance_donemaintance USING btree (maintanncegp_id);


--
-- Name: maintanance_maintanance_item_class_id_67916bf4; Type: INDEX; Schema: public; Owner: postgres
--

CREATE INDEX maintanance_maintanance_item_class_id_67916bf4 ON public.maintanance_maintanance USING btree (item_class_id);


--
-- Name: maintanance_maintanance_item_type_id_fb03ba98; Type: INDEX; Schema: public; Owner: postgres
--

CREATE INDEX maintanance_maintanance_item_type_id_fb03ba98 ON public.maintanance_maintanance USING btree (item_type_id);


--
-- Name: maintanance_maintancegp_item_class_id_409652e3; Type: INDEX; Schema: public; Owner: postgres
--

CREATE INDEX maintanance_maintancegp_item_class_id_409652e3 ON public.maintanance_maintancegp USING btree (item_class_id);


--
-- Name: maintanance_maintancegp_item_type_id_fcc35145; Type: INDEX; Schema: public; Owner: postgres
--

CREATE INDEX maintanance_maintancegp_item_type_id_fcc35145 ON public.maintanance_maintancegp USING btree (item_type_id);


--
-- Name: maintanance_todomaintance_item_id_02ae26a4; Type: INDEX; Schema: public; Owner: postgres
--

CREATE INDEX maintanance_todomaintance_item_id_02ae26a4 ON public.maintanance_todomaintance USING btree (item_id);


--
-- Name: maintanance_todomaintance_maintanance_id_eedb2287; Type: INDEX; Schema: public; Owner: postgres
--

CREATE INDEX maintanance_todomaintance_maintanance_id_eedb2287 ON public.maintanance_todomaintance USING btree (maintanance_id);


--
-- Name: maintanance_todomaintance_maintanncegp_id_e69ada66; Type: INDEX; Schema: public; Owner: postgres
--

CREATE INDEX maintanance_todomaintance_maintanncegp_id_e69ada66 ON public.maintanance_todomaintance USING btree (maintanncegp_id);


--
-- Name: message_message_reciever_id_04ae519e; Type: INDEX; Schema: public; Owner: postgres
--

CREATE INDEX message_message_reciever_id_04ae519e ON public.message_message USING btree (reciever_id);


--
-- Name: message_message_sender_id_b8690ab2; Type: INDEX; Schema: public; Owner: postgres
--

CREATE INDEX message_message_sender_id_b8690ab2 ON public.message_message USING btree (sender_id);


--
-- Name: message_readedmessage_message_id_287a4609; Type: INDEX; Schema: public; Owner: postgres
--

CREATE INDEX message_readedmessage_message_id_287a4609 ON public.message_readedmessage USING btree (message_id);


--
-- Name: message_readedmessage_user_id_5de7f29a; Type: INDEX; Schema: public; Owner: postgres
--

CREATE INDEX message_readedmessage_user_id_5de7f29a ON public.message_readedmessage USING btree (user_id);


--
-- Name: related_facilityparam_fieldid_id_28b0c674; Type: INDEX; Schema: public; Owner: postgres
--

CREATE INDEX related_facilityparam_fieldid_id_28b0c674 ON public.related_facilityparam USING btree (fieldid_id);


--
-- Name: related_facilityparamdescription_paramid_id_c3f7f451; Type: INDEX; Schema: public; Owner: postgres
--

CREATE INDEX related_facilityparamdescription_paramid_id_c3f7f451 ON public.related_facilityparamdescription USING btree (paramid_id);


--
-- Name: related_facilityvalidation_fieldid_id_cba80bd3; Type: INDEX; Schema: public; Owner: postgres
--

CREATE INDEX related_facilityvalidation_fieldid_id_cba80bd3 ON public.related_facilityvalidation USING btree (fieldid_id);


--
-- Name: related_itemparam_fieldid_id_332f4734; Type: INDEX; Schema: public; Owner: postgres
--

CREATE INDEX related_itemparam_fieldid_id_332f4734 ON public.related_itemparam USING btree (fieldid_id);


--
-- Name: related_itemparamdescription_paramid_id_f7b49406; Type: INDEX; Schema: public; Owner: postgres
--

CREATE INDEX related_itemparamdescription_paramid_id_f7b49406 ON public.related_itemparamdescription USING btree (paramid_id);


--
-- Name: related_itemvalidation_fieldid_id_eb353e5c; Type: INDEX; Schema: public; Owner: postgres
--

CREATE INDEX related_itemvalidation_fieldid_id_eb353e5c ON public.related_itemvalidation USING btree (fieldid_id);


--
-- Name: related_relateditemtype_field_id_9bfb8d5a; Type: INDEX; Schema: public; Owner: postgres
--

CREATE INDEX related_relateditemtype_field_id_9bfb8d5a ON public.related_relateditemtype USING btree (field_id);


--
-- Name: related_relateditemtype_itemtype_id_089990f3; Type: INDEX; Schema: public; Owner: postgres
--

CREATE INDEX related_relateditemtype_itemtype_id_089990f3 ON public.related_relateditemtype USING btree (itemtype_id);


--
-- Name: reports_gapsave_facility_id_743daae8; Type: INDEX; Schema: public; Owner: postgres
--

CREATE INDEX reports_gapsave_facility_id_743daae8 ON public.reports_gapsave USING btree (facility_id);


--
-- Name: reports_gapsave_level_id_c746c08f; Type: INDEX; Schema: public; Owner: postgres
--

CREATE INDEX reports_gapsave_level_id_c746c08f ON public.reports_gapsave USING btree (level_id);


--
-- Name: reports_gapsave_parent_fac_id_0522f4a0; Type: INDEX; Schema: public; Owner: postgres
--

CREATE INDEX reports_gapsave_parent_fac_id_0522f4a0 ON public.reports_gapsave USING btree (parent_fac_id);


--
-- Name: reports_plannedgap_gap_id_9b21c752; Type: INDEX; Schema: public; Owner: postgres
--

CREATE INDEX reports_plannedgap_gap_id_9b21c752 ON public.reports_plannedgap USING btree (gap_id);


--
-- Name: token_blacklist_outstandingtoken_jti_hex_d9bdf6f7_like; Type: INDEX; Schema: public; Owner: postgres
--

CREATE INDEX token_blacklist_outstandingtoken_jti_hex_d9bdf6f7_like ON public.token_blacklist_outstandingtoken USING btree (jti varchar_pattern_ops);


--
-- Name: token_blacklist_outstandingtoken_user_id_83bc629a; Type: INDEX; Schema: public; Owner: postgres
--

CREATE INDEX token_blacklist_outstandingtoken_user_id_83bc629a ON public.token_blacklist_outstandingtoken USING btree (user_id);


--
-- Name: Facility Facility_completerStaff_d0872b4e_fk_User_id; Type: FK CONSTRAINT; Schema: public; Owner: postgres
--

ALTER TABLE ONLY public."Facility"
    ADD CONSTRAINT "Facility_completerStaff_d0872b4e_fk_User_id" FOREIGN KEY ("completerStaff") REFERENCES public."User"(id) DEFERRABLE INITIALLY DEFERRED;


--
-- Name: Facility Facility_country_id_cb135873_fk_CountryConfig_id; Type: FK CONSTRAINT; Schema: public; Owner: postgres
--

ALTER TABLE ONLY public."Facility"
    ADD CONSTRAINT "Facility_country_id_cb135873_fk_CountryConfig_id" FOREIGN KEY (country_id) REFERENCES public."CountryConfig"(id) DEFERRABLE INITIALLY DEFERRED;


--
-- Name: Facility Facility_level_id_69435a71_fk_LevelConfig_id; Type: FK CONSTRAINT; Schema: public; Owner: postgres
--

ALTER TABLE ONLY public."Facility"
    ADD CONSTRAINT "Facility_level_id_69435a71_fk_LevelConfig_id" FOREIGN KEY (level_id) REFERENCES public."LevelConfig"(id) DEFERRABLE INITIALLY DEFERRED;


--
-- Name: Facility Facility_parentid_id_6b25e1fe_fk_Facility_id; Type: FK CONSTRAINT; Schema: public; Owner: postgres
--

ALTER TABLE ONLY public."Facility"
    ADD CONSTRAINT "Facility_parentid_id_6b25e1fe_fk_Facility_id" FOREIGN KEY (parentid_id) REFERENCES public."Facility"(id) DEFERRABLE INITIALLY DEFERRED;


--
-- Name: HR_hr HR_hr_facility_id_0a72be35_fk_Facility_id; Type: FK CONSTRAINT; Schema: public; Owner: postgres
--

ALTER TABLE ONLY public."HR_hr"
    ADD CONSTRAINT "HR_hr_facility_id_0a72be35_fk_Facility_id" FOREIGN KEY (facility_id) REFERENCES public."Facility"(id) DEFERRABLE INITIALLY DEFERRED;


--
-- Name: LevelConfig LevelConfig_country_id_2e338d3a_fk_CountryConfig_id; Type: FK CONSTRAINT; Schema: public; Owner: postgres
--

ALTER TABLE ONLY public."LevelConfig"
    ADD CONSTRAINT "LevelConfig_country_id_2e338d3a_fk_CountryConfig_id" FOREIGN KEY (country_id) REFERENCES public."CountryConfig"(id) DEFERRABLE INITIALLY DEFERRED;


--
-- Name: LevelConfig LevelConfig_parent_id_fb16d36a_fk_LevelConfig_id; Type: FK CONSTRAINT; Schema: public; Owner: postgres
--

ALTER TABLE ONLY public."LevelConfig"
    ADD CONSTRAINT "LevelConfig_parent_id_fb16d36a_fk_LevelConfig_id" FOREIGN KEY (parent_id) REFERENCES public."LevelConfig"(id) DEFERRABLE INITIALLY DEFERRED;


--
-- Name: User User_facilityid_id_2acac649_fk_Facility_id; Type: FK CONSTRAINT; Schema: public; Owner: postgres
--

ALTER TABLE ONLY public."User"
    ADD CONSTRAINT "User_facilityid_id_2acac649_fk_Facility_id" FOREIGN KEY (facilityid_id) REFERENCES public."Facility"(id) DEFERRABLE INITIALLY DEFERRED;


--
-- Name: User_groups User_groups_group_id_328392a3_fk_auth_group_id; Type: FK CONSTRAINT; Schema: public; Owner: postgres
--

ALTER TABLE ONLY public."User_groups"
    ADD CONSTRAINT "User_groups_group_id_328392a3_fk_auth_group_id" FOREIGN KEY (group_id) REFERENCES public.auth_group(id) DEFERRABLE INITIALLY DEFERRED;


--
-- Name: User_groups User_groups_user_id_8f675f72_fk_User_id; Type: FK CONSTRAINT; Schema: public; Owner: postgres
--

ALTER TABLE ONLY public."User_groups"
    ADD CONSTRAINT "User_groups_user_id_8f675f72_fk_User_id" FOREIGN KEY (user_id) REFERENCES public."User"(id) DEFERRABLE INITIALLY DEFERRED;


--
-- Name: User_user_permissions User_user_permission_permission_id_8e998ba4_fk_auth_perm; Type: FK CONSTRAINT; Schema: public; Owner: postgres
--

ALTER TABLE ONLY public."User_user_permissions"
    ADD CONSTRAINT "User_user_permission_permission_id_8e998ba4_fk_auth_perm" FOREIGN KEY (permission_id) REFERENCES public.auth_permission(id) DEFERRABLE INITIALLY DEFERRED;


--
-- Name: User_user_permissions User_user_permissions_user_id_2c6da4d4_fk_User_id; Type: FK CONSTRAINT; Schema: public; Owner: postgres
--

ALTER TABLE ONLY public."User_user_permissions"
    ADD CONSTRAINT "User_user_permissions_user_id_2c6da4d4_fk_User_id" FOREIGN KEY (user_id) REFERENCES public."User"(id) DEFERRABLE INITIALLY DEFERRED;


--
-- Name: auth_group_permissions auth_group_permissio_permission_id_84c5c92e_fk_auth_perm; Type: FK CONSTRAINT; Schema: public; Owner: postgres
--

ALTER TABLE ONLY public.auth_group_permissions
    ADD CONSTRAINT auth_group_permissio_permission_id_84c5c92e_fk_auth_perm FOREIGN KEY (permission_id) REFERENCES public.auth_permission(id) DEFERRABLE INITIALLY DEFERRED;


--
-- Name: auth_group_permissions auth_group_permissions_group_id_b120cbf9_fk_auth_group_id; Type: FK CONSTRAINT; Schema: public; Owner: postgres
--

ALTER TABLE ONLY public.auth_group_permissions
    ADD CONSTRAINT auth_group_permissions_group_id_b120cbf9_fk_auth_group_id FOREIGN KEY (group_id) REFERENCES public.auth_group(id) DEFERRABLE INITIALLY DEFERRED;


--
-- Name: auth_permission auth_permission_content_type_id_2f476e4b_fk_django_co; Type: FK CONSTRAINT; Schema: public; Owner: postgres
--

ALTER TABLE ONLY public.auth_permission
    ADD CONSTRAINT auth_permission_content_type_id_2f476e4b_fk_django_co FOREIGN KEY (content_type_id) REFERENCES public.django_content_type(id) DEFERRABLE INITIALLY DEFERRED;


--
-- Name: django_admin_log django_admin_log_content_type_id_c4bce8eb_fk_django_co; Type: FK CONSTRAINT; Schema: public; Owner: postgres
--

ALTER TABLE ONLY public.django_admin_log
    ADD CONSTRAINT django_admin_log_content_type_id_c4bce8eb_fk_django_co FOREIGN KEY (content_type_id) REFERENCES public.django_content_type(id) DEFERRABLE INITIALLY DEFERRED;


--
-- Name: django_admin_log django_admin_log_user_id_c564eba6_fk_User_id; Type: FK CONSTRAINT; Schema: public; Owner: postgres
--

ALTER TABLE ONLY public.django_admin_log
    ADD CONSTRAINT "django_admin_log_user_id_c564eba6_fk_User_id" FOREIGN KEY (user_id) REFERENCES public."User"(id) DEFERRABLE INITIALLY DEFERRED;


--
-- Name: item_item item_item_facility_id_9b74fd2b_fk_Facility_id; Type: FK CONSTRAINT; Schema: public; Owner: postgres
--

ALTER TABLE ONLY public.item_item
    ADD CONSTRAINT "item_item_facility_id_9b74fd2b_fk_Facility_id" FOREIGN KEY (facility_id) REFERENCES public."Facility"(id) DEFERRABLE INITIALLY DEFERRED;


--
-- Name: item_item item_item_item_class_id_38b0cc67_fk_items_itemclass_id; Type: FK CONSTRAINT; Schema: public; Owner: postgres
--

ALTER TABLE ONLY public.item_item
    ADD CONSTRAINT item_item_item_class_id_38b0cc67_fk_items_itemclass_id FOREIGN KEY (item_class_id) REFERENCES public.items_itemclass(id) DEFERRABLE INITIALLY DEFERRED;


--
-- Name: item_item item_item_item_type_id_e4e98abb_fk_items_itemtype_id; Type: FK CONSTRAINT; Schema: public; Owner: postgres
--

ALTER TABLE ONLY public.item_item
    ADD CONSTRAINT item_item_item_type_id_e4e98abb_fk_items_itemtype_id FOREIGN KEY (item_type_id) REFERENCES public.items_itemtype(id) DEFERRABLE INITIALLY DEFERRED;


--
-- Name: items_itemtype items_itemtype_itemclass_id_6b9bd06f_fk_items_itemclass_id; Type: FK CONSTRAINT; Schema: public; Owner: postgres
--

ALTER TABLE ONLY public.items_itemtype
    ADD CONSTRAINT items_itemtype_itemclass_id_6b9bd06f_fk_items_itemclass_id FOREIGN KEY (itemclass_id) REFERENCES public.items_itemclass(id) DEFERRABLE INITIALLY DEFERRED;


--
-- Name: items_itemtypelevel items_itemtypelevel_itemTypeID_f0019857_fk_items_itemtype_id; Type: FK CONSTRAINT; Schema: public; Owner: postgres
--

ALTER TABLE ONLY public.items_itemtypelevel
    ADD CONSTRAINT "items_itemtypelevel_itemTypeID_f0019857_fk_items_itemtype_id" FOREIGN KEY ("itemTypeID") REFERENCES public.items_itemtype(id) DEFERRABLE INITIALLY DEFERRED;


--
-- Name: items_itemtypelevel items_itemtypelevel_level_id_ef4be71e_fk_LevelConfig_id; Type: FK CONSTRAINT; Schema: public; Owner: postgres
--

ALTER TABLE ONLY public.items_itemtypelevel
    ADD CONSTRAINT "items_itemtypelevel_level_id_ef4be71e_fk_LevelConfig_id" FOREIGN KEY (level_id) REFERENCES public."LevelConfig"(id) DEFERRABLE INITIALLY DEFERRED;


--
-- Name: items_manufacturer items_manufacturer_itemclass_id_4650cdf1_fk_items_itemclass_id; Type: FK CONSTRAINT; Schema: public; Owner: postgres
--

ALTER TABLE ONLY public.items_manufacturer
    ADD CONSTRAINT items_manufacturer_itemclass_id_4650cdf1_fk_items_itemclass_id FOREIGN KEY (itemclass_id) REFERENCES public.items_itemclass(id) DEFERRABLE INITIALLY DEFERRED;


--
-- Name: languages_languages_words languages_languages__language_id_8f996963_fk_languages; Type: FK CONSTRAINT; Schema: public; Owner: postgres
--

ALTER TABLE ONLY public.languages_languages_words
    ADD CONSTRAINT languages_languages__language_id_8f996963_fk_languages FOREIGN KEY (language_id) REFERENCES public.languages_languages(id) DEFERRABLE INITIALLY DEFERRED;


--
-- Name: maintanance_activemaintance maintanance_activema_maintanance_id_308da711_fk_maintanan; Type: FK CONSTRAINT; Schema: public; Owner: postgres
--

ALTER TABLE ONLY public.maintanance_activemaintance
    ADD CONSTRAINT maintanance_activema_maintanance_id_308da711_fk_maintanan FOREIGN KEY (maintanance_id) REFERENCES public.maintanance_maintanance(id) DEFERRABLE INITIALLY DEFERRED;


--
-- Name: maintanance_activemaintance maintanance_activema_maintanncegp_id_c5b540df_fk_maintanan; Type: FK CONSTRAINT; Schema: public; Owner: postgres
--

ALTER TABLE ONLY public.maintanance_activemaintance
    ADD CONSTRAINT maintanance_activema_maintanncegp_id_c5b540df_fk_maintanan FOREIGN KEY (maintanncegp_id) REFERENCES public.maintanance_maintancegp(id) DEFERRABLE INITIALLY DEFERRED;


--
-- Name: maintanance_donemaintance maintanance_donemain_maintanance_id_8682b1e5_fk_maintanan; Type: FK CONSTRAINT; Schema: public; Owner: postgres
--

ALTER TABLE ONLY public.maintanance_donemaintance
    ADD CONSTRAINT maintanance_donemain_maintanance_id_8682b1e5_fk_maintanan FOREIGN KEY (maintanance_id) REFERENCES public.maintanance_maintanance(id) DEFERRABLE INITIALLY DEFERRED;


--
-- Name: maintanance_donemaintance maintanance_donemain_maintanncegp_id_51880b22_fk_maintanan; Type: FK CONSTRAINT; Schema: public; Owner: postgres
--

ALTER TABLE ONLY public.maintanance_donemaintance
    ADD CONSTRAINT maintanance_donemain_maintanncegp_id_51880b22_fk_maintanan FOREIGN KEY (maintanncegp_id) REFERENCES public.maintanance_maintancegp(id) DEFERRABLE INITIALLY DEFERRED;


--
-- Name: maintanance_donemaintance maintanance_donemaintance_item_id_5ea11b34_fk_item_item_id; Type: FK CONSTRAINT; Schema: public; Owner: postgres
--

ALTER TABLE ONLY public.maintanance_donemaintance
    ADD CONSTRAINT maintanance_donemaintance_item_id_5ea11b34_fk_item_item_id FOREIGN KEY (item_id) REFERENCES public.item_item(id) DEFERRABLE INITIALLY DEFERRED;


--
-- Name: maintanance_maintanance maintanance_maintana_item_class_id_67916bf4_fk_items_ite; Type: FK CONSTRAINT; Schema: public; Owner: postgres
--

ALTER TABLE ONLY public.maintanance_maintanance
    ADD CONSTRAINT maintanance_maintana_item_class_id_67916bf4_fk_items_ite FOREIGN KEY (item_class_id) REFERENCES public.items_itemclass(id) DEFERRABLE INITIALLY DEFERRED;


--
-- Name: maintanance_maintanance maintanance_maintana_item_type_id_fb03ba98_fk_items_ite; Type: FK CONSTRAINT; Schema: public; Owner: postgres
--

ALTER TABLE ONLY public.maintanance_maintanance
    ADD CONSTRAINT maintanance_maintana_item_type_id_fb03ba98_fk_items_ite FOREIGN KEY (item_type_id) REFERENCES public.items_itemtype(id) DEFERRABLE INITIALLY DEFERRED;


--
-- Name: maintanance_maintancegp maintanance_maintanc_item_class_id_409652e3_fk_items_ite; Type: FK CONSTRAINT; Schema: public; Owner: postgres
--

ALTER TABLE ONLY public.maintanance_maintancegp
    ADD CONSTRAINT maintanance_maintanc_item_class_id_409652e3_fk_items_ite FOREIGN KEY (item_class_id) REFERENCES public.items_itemclass(id) DEFERRABLE INITIALLY DEFERRED;


--
-- Name: maintanance_maintancegp maintanance_maintanc_item_type_id_fcc35145_fk_items_ite; Type: FK CONSTRAINT; Schema: public; Owner: postgres
--

ALTER TABLE ONLY public.maintanance_maintancegp
    ADD CONSTRAINT maintanance_maintanc_item_type_id_fcc35145_fk_items_ite FOREIGN KEY (item_type_id) REFERENCES public.items_itemtype(id) DEFERRABLE INITIALLY DEFERRED;


--
-- Name: maintanance_todomaintance maintanance_todomain_maintanance_id_eedb2287_fk_maintanan; Type: FK CONSTRAINT; Schema: public; Owner: postgres
--

ALTER TABLE ONLY public.maintanance_todomaintance
    ADD CONSTRAINT maintanance_todomain_maintanance_id_eedb2287_fk_maintanan FOREIGN KEY (maintanance_id) REFERENCES public.maintanance_maintanance(id) DEFERRABLE INITIALLY DEFERRED;


--
-- Name: maintanance_todomaintance maintanance_todomain_maintanncegp_id_e69ada66_fk_maintanan; Type: FK CONSTRAINT; Schema: public; Owner: postgres
--

ALTER TABLE ONLY public.maintanance_todomaintance
    ADD CONSTRAINT maintanance_todomain_maintanncegp_id_e69ada66_fk_maintanan FOREIGN KEY (maintanncegp_id) REFERENCES public.maintanance_maintancegp(id) DEFERRABLE INITIALLY DEFERRED;


--
-- Name: maintanance_todomaintance maintanance_todomaintance_item_id_02ae26a4_fk_item_item_id; Type: FK CONSTRAINT; Schema: public; Owner: postgres
--

ALTER TABLE ONLY public.maintanance_todomaintance
    ADD CONSTRAINT maintanance_todomaintance_item_id_02ae26a4_fk_item_item_id FOREIGN KEY (item_id) REFERENCES public.item_item(id) DEFERRABLE INITIALLY DEFERRED;


--
-- Name: message_message message_message_reciever_id_04ae519e_fk_Facility_id; Type: FK CONSTRAINT; Schema: public; Owner: postgres
--

ALTER TABLE ONLY public.message_message
    ADD CONSTRAINT "message_message_reciever_id_04ae519e_fk_Facility_id" FOREIGN KEY (reciever_id) REFERENCES public."Facility"(id) DEFERRABLE INITIALLY DEFERRED;


--
-- Name: message_message message_message_sender_id_b8690ab2_fk_Facility_id; Type: FK CONSTRAINT; Schema: public; Owner: postgres
--

ALTER TABLE ONLY public.message_message
    ADD CONSTRAINT "message_message_sender_id_b8690ab2_fk_Facility_id" FOREIGN KEY (sender_id) REFERENCES public."Facility"(id) DEFERRABLE INITIALLY DEFERRED;


--
-- Name: message_readedmessage message_readedmessage_message_id_287a4609_fk_message_message_id; Type: FK CONSTRAINT; Schema: public; Owner: postgres
--

ALTER TABLE ONLY public.message_readedmessage
    ADD CONSTRAINT message_readedmessage_message_id_287a4609_fk_message_message_id FOREIGN KEY (message_id) REFERENCES public.message_message(id) DEFERRABLE INITIALLY DEFERRED;


--
-- Name: message_readedmessage message_readedmessage_user_id_5de7f29a_fk_User_id; Type: FK CONSTRAINT; Schema: public; Owner: postgres
--

ALTER TABLE ONLY public.message_readedmessage
    ADD CONSTRAINT "message_readedmessage_user_id_5de7f29a_fk_User_id" FOREIGN KEY (user_id) REFERENCES public."User"(id) DEFERRABLE INITIALLY DEFERRED;


--
-- Name: related_facilityparam related_facilitypara_fieldid_id_28b0c674_fk_related_r; Type: FK CONSTRAINT; Schema: public; Owner: postgres
--

ALTER TABLE ONLY public.related_facilityparam
    ADD CONSTRAINT related_facilitypara_fieldid_id_28b0c674_fk_related_r FOREIGN KEY (fieldid_id) REFERENCES public.related_relatedfacility(id) DEFERRABLE INITIALLY DEFERRED;


--
-- Name: related_facilityparamdescription related_facilitypara_paramid_id_c3f7f451_fk_related_f; Type: FK CONSTRAINT; Schema: public; Owner: postgres
--

ALTER TABLE ONLY public.related_facilityparamdescription
    ADD CONSTRAINT related_facilitypara_paramid_id_c3f7f451_fk_related_f FOREIGN KEY (paramid_id) REFERENCES public.related_facilityparam(id) DEFERRABLE INITIALLY DEFERRED;


--
-- Name: related_facilityvalidation related_facilityvali_fieldid_id_cba80bd3_fk_related_r; Type: FK CONSTRAINT; Schema: public; Owner: postgres
--

ALTER TABLE ONLY public.related_facilityvalidation
    ADD CONSTRAINT related_facilityvali_fieldid_id_cba80bd3_fk_related_r FOREIGN KEY (fieldid_id) REFERENCES public.related_relatedfacility(id) DEFERRABLE INITIALLY DEFERRED;


--
-- Name: related_itemparam related_itemparam_fieldid_id_332f4734_fk_related_field_id; Type: FK CONSTRAINT; Schema: public; Owner: postgres
--

ALTER TABLE ONLY public.related_itemparam
    ADD CONSTRAINT related_itemparam_fieldid_id_332f4734_fk_related_field_id FOREIGN KEY (fieldid_id) REFERENCES public.related_field(id) DEFERRABLE INITIALLY DEFERRED;


--
-- Name: related_itemparamdescription related_itemparamdes_paramid_id_f7b49406_fk_related_i; Type: FK CONSTRAINT; Schema: public; Owner: postgres
--

ALTER TABLE ONLY public.related_itemparamdescription
    ADD CONSTRAINT related_itemparamdes_paramid_id_f7b49406_fk_related_i FOREIGN KEY (paramid_id) REFERENCES public.related_itemparam(id) DEFERRABLE INITIALLY DEFERRED;


--
-- Name: related_itemvalidation related_itemvalidation_fieldid_id_eb353e5c_fk_related_field_id; Type: FK CONSTRAINT; Schema: public; Owner: postgres
--

ALTER TABLE ONLY public.related_itemvalidation
    ADD CONSTRAINT related_itemvalidation_fieldid_id_eb353e5c_fk_related_field_id FOREIGN KEY (fieldid_id) REFERENCES public.related_field(id) DEFERRABLE INITIALLY DEFERRED;


--
-- Name: related_relateditemtype related_relateditemt_itemtype_id_089990f3_fk_items_ite; Type: FK CONSTRAINT; Schema: public; Owner: postgres
--

ALTER TABLE ONLY public.related_relateditemtype
    ADD CONSTRAINT related_relateditemt_itemtype_id_089990f3_fk_items_ite FOREIGN KEY (itemtype_id) REFERENCES public.items_itemtype(id) DEFERRABLE INITIALLY DEFERRED;


--
-- Name: related_relateditemtype related_relateditemtype_field_id_9bfb8d5a_fk_related_field_id; Type: FK CONSTRAINT; Schema: public; Owner: postgres
--

ALTER TABLE ONLY public.related_relateditemtype
    ADD CONSTRAINT related_relateditemtype_field_id_9bfb8d5a_fk_related_field_id FOREIGN KEY (field_id) REFERENCES public.related_field(id) DEFERRABLE INITIALLY DEFERRED;


--
-- Name: reports_gapsave reports_gapsave_facility_id_743daae8_fk_Facility_id; Type: FK CONSTRAINT; Schema: public; Owner: postgres
--

ALTER TABLE ONLY public.reports_gapsave
    ADD CONSTRAINT "reports_gapsave_facility_id_743daae8_fk_Facility_id" FOREIGN KEY (facility_id) REFERENCES public."Facility"(id) DEFERRABLE INITIALLY DEFERRED;


--
-- Name: reports_gapsave reports_gapsave_level_id_c746c08f_fk_LevelConfig_id; Type: FK CONSTRAINT; Schema: public; Owner: postgres
--

ALTER TABLE ONLY public.reports_gapsave
    ADD CONSTRAINT "reports_gapsave_level_id_c746c08f_fk_LevelConfig_id" FOREIGN KEY (level_id) REFERENCES public."LevelConfig"(id) DEFERRABLE INITIALLY DEFERRED;


--
-- Name: reports_gapsave reports_gapsave_parent_fac_id_0522f4a0_fk_Facility_id; Type: FK CONSTRAINT; Schema: public; Owner: postgres
--

ALTER TABLE ONLY public.reports_gapsave
    ADD CONSTRAINT "reports_gapsave_parent_fac_id_0522f4a0_fk_Facility_id" FOREIGN KEY (parent_fac_id) REFERENCES public."Facility"(id) DEFERRABLE INITIALLY DEFERRED;


--
-- Name: reports_plannedgap reports_plannedgap_gap_id_9b21c752_fk_reports_gapsave_id; Type: FK CONSTRAINT; Schema: public; Owner: postgres
--

ALTER TABLE ONLY public.reports_plannedgap
    ADD CONSTRAINT reports_plannedgap_gap_id_9b21c752_fk_reports_gapsave_id FOREIGN KEY (gap_id) REFERENCES public.reports_gapsave(id) DEFERRABLE INITIALLY DEFERRED;


--
-- Name: token_blacklist_blacklistedtoken token_blacklist_blacklistedtoken_token_id_3cc7fe56_fk; Type: FK CONSTRAINT; Schema: public; Owner: postgres
--

ALTER TABLE ONLY public.token_blacklist_blacklistedtoken
    ADD CONSTRAINT token_blacklist_blacklistedtoken_token_id_3cc7fe56_fk FOREIGN KEY (token_id) REFERENCES public.token_blacklist_outstandingtoken(id) DEFERRABLE INITIALLY DEFERRED;


--
-- Name: token_blacklist_outstandingtoken token_blacklist_outstandingtoken_user_id_83bc629a_fk_User_id; Type: FK CONSTRAINT; Schema: public; Owner: postgres
--

ALTER TABLE ONLY public.token_blacklist_outstandingtoken
    ADD CONSTRAINT "token_blacklist_outstandingtoken_user_id_83bc629a_fk_User_id" FOREIGN KEY (user_id) REFERENCES public."User"(id) DEFERRABLE INITIALLY DEFERRED;


--
-- PostgreSQL database dump complete
--

